Periodo Hasta AA-Actual;C.Ofi;Oficina Venta;C.Prev;Preventa;Cod.Cliente;Nombre Comercial;Cod.Interno;Cod.Cad;Cadena;Agrupacion;Tipo Establecimiento;Fecha Alta;Ult.Comp.Helados;Cuo.Anual Helados;Vta.Cum Helados;Cuo.Cum Helados;Desviaci¢n _;Desviaci¢n %;
05-2025 -> 05-2026;2866;LORCA;35;RAUL MARTINEZ ;401427882;PAUSE COFFE COCKTAIL;32925;;;Bares y Cafeter¡as;BAR Y CAFETERIA;04/05/2026;;17000;0;439;-439;-100;
05-2025 -> 05-2026;2866;LORCA;05;JOSE SANCHEZ;401427876;CAFETERERIA LA MURALLA;10460;;;Bares y Cafeter¡as;BAR Y CAFETERIA;04/05/2026;;3000;0;77;-77;-100;
05-2025 -> 05-2026;2866;LORCA;80;JUAN LUIS GALLEGO ;401427720;FRUTERIA COSTA AFRICA;31964;;;Varios;VARIOS/OTROS NO CLASIFICABLES;04/05/2026;13/05/2026;4000;0;103;-103;-100;
05-2025 -> 05-2026;2866;LORCA;33;DOMINGO GINER ;401427588;HELADERIA CAFETERIA BORON;10458;;;Ocio;HELADERIAS/HORCHATERIAS;04/05/2026;;15000;0;524;-524;-100;
05-2025 -> 05-2026;2866;LORCA;02;BARTOLO .;401427451;CAFETERIA SABORA;7296;;;Restaurantes;RESTAURANTES (NO INCLUYE CHINO;27/04/2026;30/04/2026;1000;0;137;-137;-100;
05-2025 -> 05-2026;2866;LORCA;80;JUAN LUIS GALLEGO ;401427450;M-WOK ROQUETAS;32922;;;Restaurantes;RESTAURANTES (NO INCLUYE CHINO;28/04/2026;12/05/2026;20000;773;2740;-1968;-72;
05-2025 -> 05-2026;2866;LORCA;93;MARI CARMEN PREVENTA;401427364;CAFETERIA HOSPITAL PONIEN;39572;B6330;ARAMARK CAPILAR;Bares y Cafeter¡as;BAR Y CAFETERIA;29/04/2026;12/05/2026;2000;0;274;-274;-100;
05-2025 -> 05-2026;2866;LORCA;83;JOSE ANTONIO SOLER;401427086;EL MUNDO DE LAS CHUCHES;32920;;;Impulso Tradicional;TIENDAS DE CHUCHERIAS/FRUTOS S;27/04/2026;28/04/2026;6500;335;891;-555;-62;
05-2025 -> 05-2026;2866;LORCA;33;DOMINGO GINER ;401427065;CHILLI TACO;10448;;;Restaurantes;RESTAURANTES (NO INCLUYE CHINO;27/04/2026;28/04/2026;1000;41;137;-96;-70;
05-2025 -> 05-2026;2866;LORCA;83;JOSE ANTONIO SOLER;401426861;RTE.VENTA EL COMPADRE;32914;;;Restaurantes;RESTAURANTES (NO INCLUYE CHINO;23/04/2026;;2500;0;343;-343;-100;
05-2025 -> 05-2026;2866;LORCA;83;JOSE ANTONIO SOLER;401426786;MENOS MAL 25 HORAS;32917;;;Varios;VARIOS/OTROS NO CLASIFICABLES;22/04/2026;;1000;0;137;-137;-100;
05-2025 -> 05-2026;2866;LORCA;33;DOMINGO GINER ;401426702;BOMBONI SWEET BAKERY;10393;;;Bares y Cafeter¡as;BAR Y CAFETERIA;22/04/2026;;1000;0;137;-137;-100;
05-2025 -> 05-2026;2866;LORCA;02;BARTOLO .;401426508;EL TEMPLO;10441;;;Bares y Cafeter¡as;BAR Y CAFETERIA;20/04/2026;;15000;0;2055;-2055;-100;
05-2025 -> 05-2026;2866;LORCA;33;DOMINGO GINER ;401426381;CAFETERIA MAREA;10339;;;Bares y Cafeter¡as;BAR Y CAFETERIA;13/04/2026;24/04/2026;1000;3;137;-134;-98;
05-2025 -> 05-2026;2866;LORCA;72;JOSE MIGUEL  ACACIO;401426048;LA HUERTA DE MARUJA;40622;;;Bares y Cafeter¡as;BAR Y CAFETERIA;13/04/2026;17/04/2026;1000;72;137;-65;-48;
05-2025 -> 05-2026;2866;LORCA;83;JOSE ANTONIO SOLER;401426046;HELADERIA SWEET MARTINA;32913;;;Ocio;HELADERIAS/HORCHATERIAS;13/04/2026;;20000;0;3224;-3224;-100;
05-2025 -> 05-2026;2866;LORCA;33;DOMINGO GINER ;401426031;BAR MUNA;10438;;;Bares y Cafeter¡as;BAR Y CAFETERIA;13/04/2026;30/04/2026;6500;695;891;-195;-22;
05-2025 -> 05-2026;2866;LORCA;16;FRANCISCO JOSE ASENSIO ;401425613;CAFE BAR LA ESCUSA;10431;;;Bares y Cafeter¡as;BAR Y CAFETERIA;13/04/2026;06/05/2026;1000;3;137;-134;-98;
05-2025 -> 05-2026;2866;LORCA;15;ALFONSO SALAS;401425513;EL BARRIO;10428;;;Restaurantes;RESTAURANTES (NO INCLUYE CHINO;01/04/2026;14/04/2026;1000;22;137;-115;-84;
05-2025 -> 05-2026;2866;LORCA;80;JUAN LUIS GALLEGO ;401424955;RTE. BUFFET LIBRE NAGOYA;32809;;;Restaurantes;RESTAURANTES (NO INCLUYE CHINO;06/04/2026;06/05/2026;14000;1646;1918;-272;-14;
05-2025 -> 05-2026;2866;LORCA;33;DOMINGO GINER ;401424769;CAFETERIA SANTI 2;10423;;;Bares y Cafeter¡as;BAR Y CAFETERIA;01/04/2026;;1000;0;137;-137;-100;
05-2025 -> 05-2026;2866;LORCA;33;DOMINGO GINER ;401424703;GUSTO RISTORANTE PIZZERIA;10422;;;Bares y Cafeter¡as;BAR Y CAFETERIA;01/04/2026;;1000;0;137;-137;-100;
05-2025 -> 05-2026;2866;LORCA;83;JOSE ANTONIO SOLER;401424325;MAMBICHE;32907;;;Bares y Cafeter¡as;BAR Y CAFETERIA;26/03/2026;;1000;0;173;-173;-100;
05-2025 -> 05-2026;2866;LORCA;15;ALFONSO SALAS;401424315;MESON MURCIANO;10334;;;Restaurantes;RESTAURANTES (NO INCLUYE CHINO;26/03/2026;28/03/2026;1000;53;173;-120;-69;
05-2025 -> 05-2026;2866;LORCA;35;RAUL MARTINEZ ;401424044;RESTAURANTE MORALES;39128;;;Restaurantes;RESTAURANTES (NO INCLUYE CHINO;25/03/2026;28/03/2026;5000;725;866;-141;-16;
05-2025 -> 05-2026;2866;LORCA;02;BARTOLO .;401423949;CANTINA PURIAS;10414;;;Bares y Cafeter¡as;BAR Y CAFETERIA;23/03/2026;;1000;0;173;-173;-100;
05-2025 -> 05-2026;2866;LORCA;15;ALFONSO SALAS;401423838;DON JAMON;10225;;;Restaurantes;RESTAURANTES (NO INCLUYE CHINO;23/03/2026;13/05/2026;1000;53;173;-120;-69;
05-2025 -> 05-2026;2866;LORCA;03;MARTIN MANCHON;401423819;HOTEL RTE.TEBAR;10412;;;Restaurantes;RESTAURANTES (NO INCLUYE CHINO;23/03/2026;29/04/2026;6500;478;1126;-648;-58;
05-2025 -> 05-2026;2866;LORCA;33;DOMINGO GINER ;401423558;CHIRINGUITO;10411;000019711;VISTABELLA;Ocio;CHIRINGUITOS DE PLAYA/MERENDER;20/03/2026;;5000;0;866;-866;-100;
05-2025 -> 05-2026;2866;LORCA;16;FRANCISCO JOSE ASENSIO ;401423197;CAFETERIA OASIS VERA PLAY;10398;;;Bares y Cafeter¡as;BAR Y CAFETERIA;16/03/2026;08/05/2026;1000;3;173;-170;-98;
05-2025 -> 05-2026;2866;LORCA;16;FRANCISCO JOSE ASENSIO ;401423196;CAFETERIA OASIS;10397;;;Bares y Cafeter¡as;BAR Y CAFETERIA;17/03/2026;;1000;0;173;-173;-100;
05-2025 -> 05-2026;2866;LORCA;93;MARI CARMEN PREVENTA;401423182;ALEGRIA ANDARAX;39562;B8060; ALEGRIA HOTELS;Hoteles y Hostales;HOTELES Y HOSTALES;01/03/2026;;10000;0;1732;-1732;-100;
05-2025 -> 05-2026;2866;LORCA;83;JOSE ANTONIO SOLER;401423136;TIENDA DE PASO;32902;;;Conveniencia;TIENDA DE ALIMENTACION ETNICA ;16/03/2026;;1000;0;173;-173;-100;
05-2025 -> 05-2026;2866;LORCA;35;RAUL MARTINEZ ;401422870;EL BODEGON;30462;;;Bares y Cafeter¡as;BAR Y CAFETERIA;01/03/2026;25/03/2026;8000;958;1386;-427;-31;
05-2025 -> 05-2026;2866;LORCA;10;EDGAR WIDRIDO GRANDA;401422860;CARNICERIA JULIAN;10349;;;Varios;VARIOS/OTROS NO CLASIFICABLES;12/03/2026;01/05/2026;1000;93;173;-80;-46;
05-2025 -> 05-2026;2866;LORCA;35;RAUL MARTINEZ ;401422788;BAR LA 3" EDAD LA ISLETA;32900;;;Bares y Cafeter¡as;BAR Y CAFETERIA;09/03/2026;05/05/2026;15000;2246;2598;-352;-14;
05-2025 -> 05-2026;2866;LORCA;33;DOMINGO GINER ;401422786;HELADERIA DIMI;10404;;;Ocio;HELADERIAS/HORCHATERIAS;09/03/2026;;5000;0;866;-866;-100;
05-2025 -> 05-2026;2866;LORCA;35;RAUL MARTINEZ ;401422778;COGE LA LUNA;30262;;;Bares y Cafeter¡as;BAR Y CAFETERIA;11/03/2026;;1200;0;208;-208;-100;
05-2025 -> 05-2026;2866;LORCA;35;RAUL MARTINEZ ;401422751;BAR RESTAURANTE LA MAREA;32853;;;Bares y Cafeter¡as;BAR Y CAFETERIA;09/03/2026;;7000;0;1212;-1212;-100;
05-2025 -> 05-2026;2866;LORCA;81;ANDRES MARIA CRUZ;401422495;KIOSCO JUANILLO;31981;;;Impulso Tradicional;KIOSCO FIJO (NO PROPIEDAD NEST;01/03/2026;;12000;0;2078;-2078;-100;
05-2025 -> 05-2026;2866;LORCA;80;JUAN LUIS GALLEGO ;401421926;CINES DE VERANO AGUADULCE;35070;;;Varios;VARIOS/OTROS NO CLASIFICABLES;01/03/2026;;4000;0;693;-693;-100;
05-2025 -> 05-2026;2866;LORCA;03;MARTIN MANCHON;401421846;HELADERIA BETTY;10387;;;Ocio;HELADERIAS/HORCHATERIAS;01/03/2026;12/05/2026;15000;2304;2598;-294;-11;
05-2025 -> 05-2026;2866;LORCA;82;LUIS PARDO;401421472;SUPER TEO;35075;;;Hogar;SUPERMERCADOS CON 2 O MAS CAJA;16/02/2026;;4000;0;844;-844;-100;
05-2025 -> 05-2026;2866;LORCA;73;JOSE MIGUEL ANDUJAR;401421288;ALIMENTACION CRISVAN;32144;;;Conveniencia;TIENDA DE ALIMENTACION ETNICA ;16/02/2026;29/04/2026;5500;936;1160;-224;-19;
05-2025 -> 05-2026;2866;LORCA;13;JOAQUIN GARCIA;401421040;RESTAURANTE COTO RI¥ALES;7922;;;Restaurantes;RESTAURANTES (NO INCLUYE CHINO;01/02/2026;;1000;0;211;-211;-100;
05-2025 -> 05-2026;2866;LORCA;72;JOSE MIGUEL  ACACIO;401420861;COMIDAS PARA LLEVAR LAS T;32161;;;Conveniencia;COMIDA PREPARADA/ASADORES DE P;09/02/2026;10/04/2026;4000;750;844;-94;-11;
05-2025 -> 05-2026;2866;LORCA;10;EDGAR WIDRIDO GRANDA;401420809;PIZZERIA LA POSADA;9479;;;Restaurantes;RESTAURANTES (NO INCLUYE CHINO;09/02/2026;;1000;0;211;-211;-100;
05-2025 -> 05-2026;2866;LORCA;02;BARTOLO .;401420782;RESTAURANTE LA PATRONA;6489;;;Restaurantes;RESTAURANTES (NO INCLUYE CHINO;01/02/2026;13/05/2026;8000;941;1687;-746;-44;
05-2025 -> 05-2026;2866;LORCA;33;DOMINGO GINER ;401420761;RTE.LEONARDO SUL MADRE;10373;;;Restaurantes;RESTAURANTES (NO INCLUYE CHINO;01/02/2026;11/04/2026;4000;519;844;-325;-38;
05-2025 -> 05-2026;2866;LORCA;33;DOMINGO GINER ;401420751;RESTAURANTE LEONARDO;10372;;;Restaurantes;RESTAURANTES (NO INCLUYE CHINO;09/02/2026;05/05/2026;4000;571;844;-272;-32;
05-2025 -> 05-2026;2866;LORCA;02;BARTOLO .;401420696;RESTAURANTE VENTARIQUE;7605;;;Restaurantes;RESTAURANTES (NO INCLUYE CHINO;01/02/2026;13/05/2026;6000;265;1265;-1001;-79;
05-2025 -> 05-2026;2866;LORCA;15;ALFONSO SALAS;401420568;KEBAB JISMA;10330;;;Varios;VARIOS/OTROS NO CLASIFICABLES;01/02/2026;;1000;0;211;-211;-100;
05-2025 -> 05-2026;2866;LORCA;13;JOAQUIN GARCIA;401420494;THE CHEESECAKE EMPORIUM;10039;;;Bares y Cafeter¡as;BAR Y CAFETERIA;01/02/2026;;2000;0;422;-422;-100;
05-2025 -> 05-2026;2866;LORCA;81;ANDRES MARIA CRUZ;401420348;E.S. OJEDA ALICUN;30053;;;Conveniencia;ESTACIONES DE SERVICIO / GASOL;01/02/2026;10/02/2026;7500;1397;1582;-185;-12;
05-2025 -> 05-2026;2866;LORCA;81;ANDRES MARIA CRUZ;401420230;CAFE BAR YOLI Y PACO;35078;;;Bares y Cafeter¡as;BAR Y CAFETERIA;01/02/2026;07/05/2026;1000;80;211;-131;-62;
05-2025 -> 05-2026;2866;LORCA;15;ALFONSO SALAS;401420228;PANADERIA LOPEZ;1539;;;Conveniencia;PASTELERIAS/PANADERIAS/FRUTERI;01/02/2026;;1000;0;211;-211;-100;
05-2025 -> 05-2026;2866;LORCA;03;MARTIN MANCHON;401420226;ESTAURANTE PE¥ARRUBIA;2008;;;Restaurantes;RESTAURANTES (NO INCLUYE CHINO;01/02/2026;;1000;0;211;-211;-100;
05-2025 -> 05-2026;2866;LORCA;03;MARTIN MANCHON;401420033;HERBOLARIO LUZDLUNA;10354;;;Varios;VARIOS/OTROS NO CLASIFICABLES;01/02/2026;03/02/2026;3000;3;633;-629;-99;
05-2025 -> 05-2026;2866;LORCA;02;BARTOLO .;401419892;BAR CARRERAS;10351;;;Bares y Cafeter¡as;BAR Y CAFETERIA;26/01/2026;13/02/2026;1000;7;223;-216;-97;
05-2025 -> 05-2026;2866;LORCA;73;JOSE MIGUEL ANDUJAR;401419556;CAFETERIA CONQUISTA;32328;;;Bares y Cafeter¡as;BAR Y CAFETERIA;19/01/2026;19/03/2026;1000;3;223;-220;-98;
05-2025 -> 05-2026;2866;LORCA;80;JUAN LUIS GALLEGO ;401419397;VEGAPARK CENTRO DE OCIO I;32893;;;Bares y Cafeter¡as;BAR Y CAFETERIA;15/01/2026;16/04/2026;1000;0;223;-223;-100;
05-2025 -> 05-2026;2866;LORCA;33;DOMINGO GINER ;401419359;RESTURANTE CHINO PEKIN 5;9447;;;Restaurantes;RESTAURANTES CHINOS;12/01/2026;15/01/2026;1000;41;223;-182;-82;
05-2025 -> 05-2026;2866;LORCA;16;FRANCISCO JOSE ASENSIO ;401419107;RESTAURANTE AMORE;10107;;;Restaurantes;RESTAURANTES (NO INCLUYE CHINO;01/01/2026;30/04/2026;1000;188;223;-35;-16;
05-2025 -> 05-2026;2866;LORCA;16;FRANCISCO JOSE ASENSIO ;401419038;LA JOVITA PLAYA;8909;;;Bares y Cafeter¡as;BAR Y CAFETERIA;01/01/2026;;1000;0;223;-223;-100;
05-2025 -> 05-2026;2866;LORCA;15;ALFONSO SALAS;401418811;BAR TOTI;10302;;;Bares y Cafeter¡as;BAR Y CAFETERIA;15/12/2025;01/04/2026;900;23;201;-178;-89;
05-2025 -> 05-2026;2866;LORCA;15;ALFONSO SALAS;401417443;RESTAURANTE LA CAVERNA;10219;;;Restaurantes;RESTAURANTES (NO INCLUYE CHINO;01/12/2025;;1000;0;223;-223;-100;
05-2025 -> 05-2026;2866;LORCA;83;JOSE ANTONIO SOLER;401417327;BAR MAR Y TIERRA;32640;;;Bares y Cafeter¡as;BAR Y CAFETERIA;01/12/2025;;2999;0;669;-669;-100;
05-2025 -> 05-2026;2866;LORCA;02;BARTOLO .;401417160;TOSTADELIA;9654;;;Bares y Cafeter¡as;BAR Y CAFETERIA;01/11/2025;07/02/2026;5998;562;1338;-777;-58;
05-2025 -> 05-2026;2866;LORCA;73;JOSE MIGUEL ANDUJAR;401417147;HELADERIA ALEXIS;32656;;;Ocio;HELADERIAS/HORCHATERIAS;01/11/2025;;968;0;220;-220;-100;
05-2025 -> 05-2026;2866;LORCA;80;JUAN LUIS GALLEGO ;401416021;BODEGA LOS SANCHEZ;30203;;;Bares y Cafeter¡as;BAR Y CAFETERIA;13/11/2025;25/04/2026;1387;175;267;-92;-35;
05-2025 -> 05-2026;2866;LORCA;93;MARI CARMEN PREVENTA;401415608;E.S.PRIBAYO 33722;70086;B8006;FRANQUICIADAS STOP&GO;Conveniencia;ESTACIONES DE SERVICIO / GASOL;31/10/2025;06/11/2025;2319;0;373;-373;-100;
05-2025 -> 05-2026;2866;LORCA;16;FRANCISCO JOSE ASENSIO ;401415497;LA GRACIA DE DIOS;3860;;;Varios;VARIOS/OTROS NO CLASIFICABLES;01/10/2025;;900;0;201;-201;-100;
05-2025 -> 05-2026;2866;LORCA;73;JOSE MIGUEL ANDUJAR;401415371;CAFETERIA LEROY MERLIN C.;31116;;;Bares y Cafeter¡as;BAR Y CAFETERIA;01/10/2025;;1873;0;432;-432;-100;
05-2025 -> 05-2026;2866;LORCA;81;ANDRES MARIA CRUZ;401415307;HELADERIA PINGUINO;32303;;;Ocio;HELADERIAS/HORCHATERIAS;20/10/2025;;1999;0;446;-446;-100;
05-2025 -> 05-2026;2866;LORCA;80;JUAN LUIS GALLEGO ;401415215;INTERESTELAR CENTRO OCIO ;32159;;;Restaurantes;RESTAURANTES (NO INCLUYE CHINO;20/10/2025;08/05/2026;1936;54;439;-385;-88;
05-2025 -> 05-2026;2866;LORCA;02;BARTOLO .;401414766;MESON LA PRADERA;9455;;;Restaurantes;RESTAURANTES (NO INCLUYE CHINO;20/10/2025;08/05/2026;11996;152;2677;-2525;-94;
05-2025 -> 05-2026;2866;LORCA;73;JOSE MIGUEL ANDUJAR;401414671;DRY MARIN;32145;;;Varios;VARIOS/OTROS NO CLASIFICABLES;14/10/2025;30/12/2025;1111;0;236;-236;-100;
05-2025 -> 05-2026;2866;LORCA;93;MARI CARMEN PREVENTA;401414524;PATRULLERO CENTINELA (P-7;39600;B6437;UCALSA,S.A.;Varios;VARIOS/OTROS NO CLASIFICABLES;13/10/2025;14/10/2025;699;0;145;-145;-100;
05-2025 -> 05-2026;2866;LORCA;10;EDGAR WIDRIDO GRANDA;401414366;BOGATA PIZZERIA;9044;;;Bares y Cafeter¡as;BAR Y CAFETERIA;01/10/2025;;600;0;134;-134;-100;
05-2025 -> 05-2026;2866;LORCA;02;BARTOLO .;401414364;LOS ANGELES AAVV;8442;;;Varios;VARIOS/OTROS NO CLASIFICABLES;01/10/2025;;600;0;134;-134;-100;
05-2025 -> 05-2026;2866;LORCA;73;JOSE MIGUEL ANDUJAR;401414243;BAR ZIROKS;40412;;;Bares y Cafeter¡as;BAR Y CAFETERIA;01/10/2025;15/04/2026;1025;58;226;-168;-75;
05-2025 -> 05-2026;2866;LORCA;35;RAUL MARTINEZ ;401414191;LA BOMBA;32139;;;Bares y Cafeter¡as;BAR Y CAFETERIA;01/10/2025;;937;0;216;-216;-100;
05-2025 -> 05-2026;2866;LORCA;80;JUAN LUIS GALLEGO ;401414076;24 HORAS DULCE MENTA;32137;;;Impulso Tradicional;TIENDAS DE CHUCHERIAS/FRUTOS S;01/10/2025;13/05/2026;7188;1299;1476;-177;-12;
