Periodo Hasta AA-Actual;C.Ofi;Oficina Venta;C.Prev;Preventa;Cod.Cliente;Nombre Comercial;CodigoInterno;Cod.Cad;Cadena;Agrupacion;Tipo Establecimiento;Fecha Alta;Ult.Comp.Helados;Ref.Cum Actual;Ref.Cum Anterior;Desviacion;Ref.Tot Anterior;Ref.SinCompra 1;Ref.SinCompra 2;Ref.SinCompra 3;
05-2025 -> 05-2026;2866;LORCA;81;ANDRES MARIA CRUZ;401351489;AL-JAZAMA;32536;;;Varios;VARIOS/OTROS NO CLASIFICABLES;01/03/2023;07/05/2026;20;21;-1;21;PIRULO SANDIA N4 36x73ML;PIRULO MANGO 36x70ML;NUII CRM AUSTRAL.N4 20X90;
05-2025 -> 05-2026;2866;LORCA;05;JOSE SANCHEZ;401078346;RESTAURANTE EL VALLE;3245;;;Restaurantes;RESTAURANTES (NO INCLUYE CHINO;28/03/2014;06/05/2026;0;4;-4;4;PIR COOL FRESA N3 24X99ML;PIRL MIKOLAPIZ N4 20x88ML;SMARTIES PUSHUP 20x85MLN7;
05-2025 -> 05-2026;2866;LORCA;05;JOSE SANCHEZ;866016165;EL ARCO, BAR;6165;8660147;EL BERRO;Restaurantes;RESTAURANTES (NO INCLUYE CHINO;01/01/1998;07/05/2026;35;36;-1;36;PIRULO FRUIT JOY 24X65ML;EXTR LM CHESCK 16x110ML;EXTREME NATA N2 16X110ML;
05-2025 -> 05-2026;2866;LORCA;02;BARTOLO .;401400564;EL ARTE ALMENARA;9634;000018993;EL ARTE ALMENARA;Bares y Cafeter¡as;BAR Y CAFETERIA;01/02/2025;12/05/2026;6;36;-30;36;MDLZ BB MILKA N2 20X90ML;MAXIBON CHSCAKE 24X140ML ;MAXIBON CLASIC N5 24X140 ;
05-2025 -> 05-2026;2866;LORCA;73;JOSE MIGUEL ANDUJAR;401180260;LELIS TODO 0,60 EUROS;30606;;;Conveniencia;TIENDA DE ALIMENTACION ETNICA ;26/02/2004;07/05/2026;28;29;-1;29;PIRL COOL LIMON N3 24X99;MAXIBON CHSCAKE 24X140ML ;MAXIBON WAFFLE N2 24X140;
05-2025 -> 05-2026;2866;LORCA;93;MARI CARMEN PREVENTA;401231343;FRUTAS V;32070;;;Varios;VARIOS/OTROS NO CLASIFICABLES;19/02/2018;25/04/2026;11;13;-2;13;MDLZ MNBITCUP OREO 12x105;MDLZ BB MILKA N2 20X90ML;NUII TEXPECAN N1 20X90;
05-2025 -> 05-2026;2866;LORCA;05;JOSE SANCHEZ;401313510;RESTAURANTE RINCON DEL RE;8704;;;Restaurantes;RESTAURANTES (NO INCLUYE CHINO;24/05/2021;21/04/2026;17;19;-2;19;PIRULO MANGO 36x70ML;NUII CRM AUSTRAL.N4 20X90;NUII TEXPECAN N1 20X90;
05-2025 -> 05-2026;2866;LORCA;80;JUAN LUIS GALLEGO ;401285455;MERENDERO TIO PEPE;32433;000015725;HELADERIA CAPRICHOSA;Restaurantes;RESTAURANTES (NO INCLUYE CHINO;03/02/2020;09/05/2026;35;36;-1;36;EXTREME NATA N2 16X110ML;PIRULO FRUIT JOY 24X65ML;EXTR LM CHESCK 16x110ML;
05-2025 -> 05-2026;2866;LORCA;35;RAUL MARTINEZ ;866015086;KIOSCO BAKERIN;8778;000017850;CAMPING SIERRA DE MARIA;Bares y Cafeter¡as;BAR Y CAFETERIA;23/05/2006;25/07/2025;0;29;-29;29;MDLZ BBTOBLERONE N1 20X90;MAXIBON CHSCAKE 24X140ML ;MAXIBON CLASIC N5 24X140 ;
05-2025 -> 05-2026;2866;LORCA;81;ANDRES MARIA CRUZ;401402125;KIOSCO CARMEN SEVILLA;32819;;;Impulso Tradicional;KIOSCO FIJO (NO PROPIEDAD NEST;01/03/2025;22/08/2025;0;36;-36;36;PIR COOL FRESA N3 24X99ML;EXTR FRESA NA N3 16X120ML;EXTR DOBLE CHON2 16x120ML;
05-2025 -> 05-2026;2866;LORCA;35;RAUL MARTINEZ ;401350321;HELADERIA SAN MIGUEL;8337;000017515;CHIRINGUITO MAR  RABIOSA;Ocio;HELADERIAS/HORCHATERIAS;01/03/2023;13/05/2026;28;30;-2;30;PIRULO MANGO 36x70ML;MDLZ OREO BTOP N1 20x100;PIRL COOL LIMON N3 24X99;
05-2025 -> 05-2026;2866;LORCA;05;JOSE SANCHEZ;401293865;CASA DE LA CULTURA;8799;;;Bares y Cafeter¡as;BAR Y CAFETERIA;01/06/2020;12/05/2026;21;26;-5;26;NUII TEXPECAN N1 20X90;EXTR CRML SALADO 16x110ML;PIRULO MANGO 36x70ML;
05-2025 -> 05-2026;2866;LORCA;35;RAUL MARTINEZ ;401001553;PANDERIA PEREZ;1575;000006866;PANAD.PASTELERIA PEREZ;Conveniencia;PASTELERIAS/PANADERIAS/FRUTERI;30/05/2012;29/04/2026;14;15;-1;15;MAXIBON CHSCAKE 24X140ML ;PIRULO MANGO 36x70ML;NUII TEXPECAN N1 20X90;
05-2025 -> 05-2026;2866;LORCA;03;MARTIN MANCHON;401269307;KIOSCO LA BAHIA;9263;;;Impulso Tradicional;KIOSCO FIJO (NO PROPIEDAD NEST;06/05/2019;08/05/2026;28;31;-3;31;MAXIBON CHSCAKE 24X140ML ;PIRULO MANGO 36x70ML;NUII CRM AUSTRAL.N4 20X90;
05-2025 -> 05-2026;2866;LORCA;16;FRANCISCO JOSE ASENSIO ;401389309;CAMPING PALOMARES TAIGA;10022;;;Ocio;CAMPING/PISCINAS/POLIDEPORTIVO;01/07/2024;08/10/2025;0;17;-17;17;NUII ALM.JAVA N5 20X90;MAXIBON CHSCAKE 24X140ML ;MAXIBON CLASIC N5 24X140 ;
05-2025 -> 05-2026;2866;LORCA;35;RAUL MARTINEZ ;866015099;HOGAR 3¦ EDAD MARIA;8525;;;Bares y Cafeter¡as;BAR Y CAFETERIA;03/07/2002;29/08/2025;0;29;-29;29;EXTR VAINILLA N4 16x120ML;MDLZ MNBITCUP OREO 12x105;MDLZ BBTOBLERONE N1 20X90;
05-2025 -> 05-2026;2866;LORCA;93;MARI CARMEN PREVENTA;401180396;TABERNA EL PUENTE;30038;;;Bares y Cafeter¡as;BAR Y CAFETERIA;15/03/2007;07/05/2026;35;36;-1;36;EXTR LM CHESCK 16x110ML;EXTREME NATA N2 16X110ML;PIRULO FRUIT JOY 24X65ML;
05-2025 -> 05-2026;2866;LORCA;05;JOSE SANCHEZ;866012646;ESTACION DE SERV,VILLASOL;2646;8660149;DEGESCO, S.L.;Conveniencia;ESTACIONES DE SERVICIO / GASOL;25/03/2003;07/04/2026;17;19;-2;19;MAXIBON CHSCAKE 24X140ML ;MAXIBON WAFFLE N2 24X140;PIRULO MANGO 36x70ML;
05-2025 -> 05-2026;2866;LORCA;03;MARTIN MANCHON;866014313;MAR SERENA, KIOSCO;8348;;;Ocio;CHIRINGUITOS DE PLAYA/MERENDER;18/01/1998;12/05/2026;29;36;-7;36;MAXIBON WAFFLE N2 24X140;PIRULO MANGO 36x70ML;NUII TEXPECAN N1 20X90;
05-2025 -> 05-2026;2866;LORCA;93;MARI CARMEN PREVENTA;401232746;CUEVAS DE SORBAS;30955;;;Bares y Cafeter¡as;BAR Y CAFETERIA;08/03/2018;23/04/2026;29;36;-7;36;MAXIBON WAFFLE N2 24X140;PIRULO MANGO 36x70ML;BOKA ZAS NATA N4 24x100ML;
05-2025 -> 05-2026;2866;LORCA;02;BARTOLO .;866010215;ESTACION DE SERV.EUROPA;215;8660149;DEGESCO, S.L.;Conveniencia;ESTACIONES DE SERVICIO / GASOL;30/04/1999;17/04/2026;24;27;-3;27;MDLZ BBTOBLERONE N1 20X90;PIRULO MANGO 36x70ML;MAXIBON COOKIE N5 24x150;
05-2025 -> 05-2026;2866;LORCA;02;BARTOLO .;401376685;BAR CABRERA;5877;;;Bares y Cafeter¡as;BAR Y CAFETERIA;01/02/2024;03/03/2026;0;25;-25;25;MDLZ SNDW OREO 24X110;CHOCOCLACK N2 24x90ML;MAXIBON COOKIE N5 24x150;
05-2025 -> 05-2026;2866;LORCA;81;ANDRES MARIA CRUZ;401180498;BAR MOLINERO;30110;;;Bares y Cafeter¡as;BAR Y CAFETERIA;18/05/2009;07/05/2026;13;17;-4;17;EXTR DOBLE CHON2 16x120ML;PIRL COOL LIMON N3 24X99;EXTR VAINILLA N4 16x120ML;
05-2025 -> 05-2026;2866;LORCA;16;FRANCISCO JOSE ASENSIO ;401180423;HOTEL PLAYA ZIMBALI;70061;B6505;GRUPO HOTELES PLAYA, S.L.;Hoteles y Hostales;HOTELES Y HOSTALES;07/05/2007;01/10/2025;0;24;-24;24;MAXIBON CHSCAKE 24X140ML ;MAXIBON CLASIC N5 24X140 ;MAXIBON COOKIE N5 24x150;
05-2025 -> 05-2026;2866;LORCA;16;FRANCISCO JOSE ASENSIO ;866016307;RESTAURANTE DON TADEO;6307;;;Restaurantes;RESTAURANTES (NO INCLUYE CHINO;28/11/2006;28/04/2026;2;5;-3;5;EXTR VAINILLA N4 16x120ML;PIR FANTASMIKOS N5 18X75;NUII ALM.JAVA N5 20X90;
05-2025 -> 05-2026;2866;LORCA;98;DIEGO CORBALAN;401394725;PADEL EL REAL;9042;;;Varios;VARIOS/OTROS NO CLASIFICABLES;25/11/2024;14/01/2026;0;7;-7;7;MAXIBON COOKIE N5 24x150;MDLZ SNDW OREO 24X110;MAXIBON WAFFLE N2 24X140;
05-2025 -> 05-2026;2866;LORCA;81;ANDRES MARIA CRUZ;401279855;BOCAQUETERIA FLASH;32128;;;Bares y Cafeter¡as;BAR Y CAFETERIA;01/10/2019;08/05/2026;19;21;-2;21;PIRULO MANGO 36x70ML;NUII TEXPECAN N1 20X90;CONO KIT KAT N5 16x110ML;
05-2025 -> 05-2026;2866;LORCA;81;ANDRES MARIA CRUZ;401180294;KIOSKO DON ANGEL@;31168;000013233;DON ANGEL-PORTOMAGNO;Casetas NESTLE;CASETA/KIOSCO NESTLE (PROPIEDA;20/06/2002;12/05/2026;35;36;-1;36;EXTREME NATA N2 16X110ML;PIRULO FRUIT JOY 24X65ML;EXTR LM CHESCK 16x110ML;
05-2025 -> 05-2026;2866;LORCA;81;ANDRES MARIA CRUZ;401321378;24 HORAS KOKI;32279;000018691;24 HORAS KOKI;Bares y Cafeter¡as;BAR Y CAFETERIA;01/11/2021;12/05/2026;24;26;-2;26;MAXIBON WAFFLE N2 24X140;PIRULO MANGO 36x70ML;NUII TEXPECAN N1 20X90;
05-2025 -> 05-2026;2866;LORCA;02;BARTOLO .;401324411;CAFETERIA STUDIO 54;8298;;;Bares y Cafeter¡as;BAR Y CAFETERIA;01/12/2021;17/12/2025;0;6;-6;6;NUII ALM.JAVA N5 20X90;MAXIBON CLASIC N5 24X140 ;NUII TEXPECAN N1 20X90;
05-2025 -> 05-2026;2866;LORCA;16;FRANCISCO JOSE ASENSIO ;401383858;KIOSCO LA FABRIQUILLA;39107;;;Ocio;CHIRINGUITOS DE PLAYA/MERENDER;01/05/2024;22/08/2025;35;36;-1;36;EXTR LM CHESCK 16x110ML;EXTREME NATA N2 16X110ML;PIRULO FRUIT JOY 24X65ML;
05-2025 -> 05-2026;2866;LORCA;33;DOMINGO GINER ;866020005;LIOS, BAR;8416;;;Ocio;CHIRINGUITOS DE PLAYA/MERENDER;01/01/1998;07/05/2026;16;17;-1;17;MAXIBON CLASIC N5 24X140 ;NUII TEXPECAN N1 20X90;;
05-2025 -> 05-2026;2866;LORCA;16;FRANCISCO JOSE ASENSIO ;401313354;CHIRINGUITO EL CHUMBO;9596;;;Ocio;CHIRINGUITOS DE PLAYA/MERENDER;24/05/2021;28/04/2026;25;26;-1;26;PIRULO MANGO 36x70ML;EXTR LM CHESCK 16x110ML;EXTREME NATA N2 16X110ML;
05-2025 -> 05-2026;2866;LORCA;10;EDGAR WIDRIDO GRANDA;401377020;BAR EL CALLEJON;8693;;;Bares y Cafeter¡as;BAR Y CAFETERIA;31/01/2024;13/08/2025;0;15;-15;15;MDLZ BBTOBLERONE N1 20X90;MAXIBON CHSCAKE 24X140ML ;MAXIBON CLASIC N5 24X140 ;
05-2025 -> 05-2026;2866;LORCA;93;MARI CARMEN PREVENTA;401180398;BAR BLANCO;30040;;;Bares y Cafeter¡as;BAR Y CAFETERIA;20/03/2007;16/04/2026;20;25;-5;25;NUII TEXPECAN N1 20X90;MAXIBON CLASIC N5 24X140 ;PIRULO MANGO 36x70ML;
05-2025 -> 05-2026;2866;LORCA;35;RAUL MARTINEZ ;401401655;RESTAURANTE CARRILLO;7123;;;Restaurantes;RESTAURANTES (NO INCLUYE CHINO;01/03/2025;07/05/2026;0;23;-23;23;MDLZ SNDW OREO 24X110;MDLZ BB MILKA N2 20X90ML;MDLZ BBTOBLERONE N1 20X90;
05-2025 -> 05-2026;2866;LORCA;35;RAUL MARTINEZ ;401352229;BAR OKEY;8212;;;Bares y Cafeter¡as;BAR Y CAFETERIA;01/03/2023;30/04/2026;14;15;-1;15;MAXIBON CHSCAKE 24X140ML ;MAXIBON COOKIE N5 24x150;MAXIBON WAFFLE N2 24X140;
05-2025 -> 05-2026;2866;LORCA;73;JOSE MIGUEL ANDUJAR;401181314;TIENDA NUEVA ERA 24 H;30550;;;Conveniencia;TIENDA DE ALIMENTACION ETNICA ;12/07/2016;25/04/2026;35;36;-1;36;PIRULO FRUIT JOY 24X65ML;EXTR LM CHESCK 16x110ML;EXTREME NATA N2 16X110ML;
05-2025 -> 05-2026;2866;LORCA;33;DOMINGO GINER ;401386548;ROUTE 66;9096;;;Bares y Cafeter¡as;BAR Y CAFETERIA;01/06/2024;14/03/2026;20;24;-4;24;MAXIBON CLASIC N5 24X140 ;MAXIBON COOKIE N5 24x150;MAXIBON WAFFLE N2 24X140;
05-2025 -> 05-2026;2866;LORCA;35;RAUL MARTINEZ ;401351610;LAGO DEL MESON;8994;;;Restaurantes;RESTAURANTES (NO INCLUYE CHINO;01/03/2023;08/08/2025;0;32;-32;32;MDLZ SNDW OREO 24X110;MDLZ OREO BTOP N1 20x100;PIR FANTASMIKOS N5 18X75;
05-2025 -> 05-2026;2866;LORCA;80;JUAN LUIS GALLEGO ;401403410;PKO 24 HORAS INFIERNO;32762;000015235;PKO 24 HORAS;Conveniencia;PASTELERIAS/PANADERIAS/FRUTERI;01/04/2025;21/04/2026;5;19;-14;19;MAXIBON CHSCAKE 24X140ML ;MAXIBON CLASIC N5 24X140 ;PIRULO SANDIA N4 36x73ML;
05-2025 -> 05-2026;2866;LORCA;93;MARI CARMEN PREVENTA;401236803;HOTEL CABOGATA JARDIN;30999;B8004;VALNEST HOTELS SL;Hoteles y Hostales;HOTELES Y HOSTALES;19/04/2018;12/05/2026;0;12;-12;12;MDLZ BB MILKA N2 20X90ML;MDLZ BBTOBLERONE N1 20X90;MAXIBON COOKIE N5 24x150;
05-2025 -> 05-2026;2866;LORCA;35;RAUL MARTINEZ ;401328544;LA COSA MAS DULCE;8506;;;Impulso Tradicional;TIENDAS DE CHUCHERIAS/FRUTOS S;01/03/2022;12/08/2025;0;19;-19;19;MDLZ BB MILKA N2 20X90ML;MAXIBON CLASIC N5 24X140 ;MDLZ SNDW OREO 24X110;
05-2025 -> 05-2026;2866;LORCA;16;FRANCISCO JOSE ASENSIO ;401399248;RESTAURANTE LAS MARINAS;9620;000019111;MANACA GOURMET;Restaurantes;RESTAURANTES (NO INCLUYE CHINO;01/01/2025;30/04/2026;17;29;-12;29;NUII TEXPECAN N1 20X90;MAXIBON CHSCAKE 24X140ML ;MDLZ SNDW OREO 24X110;
05-2025 -> 05-2026;2866;LORCA;02;BARTOLO .;401341567;EMBUTIDOS PEDRO Y CATI;8058;;;Varios;VARIOS/OTROS NO CLASIFICABLES;01/11/2022;07/05/2026;2;4;-2;4;MDLZ SNDW OREO 24X110;MAXIBON WAFFLE N2 24X140;;
05-2025 -> 05-2026;2866;LORCA;80;JUAN LUIS GALLEGO ;401288252;E.S.REPSOL BOCA RIO 13345;39529;;;Conveniencia;ESTACIONES DE SERVICIO / GASOL;02/03/2020;28/04/2026;20;22;-2;22;EXTREME NATA N2 16X110ML;MAXIBON WAFFLE N2 24X140;PIRULO SANDIA N4 36x73ML;
05-2025 -> 05-2026;2866;LORCA;35;RAUL MARTINEZ ;401166939;E.S. EL ARTINERO;7723;;;Conveniencia;ESTACIONES DE SERVICIO / GASOL;27/04/2016;15/04/2026;22;24;-2;24;EXTR VAINILLA N4 16x120ML;MAXIBON CHSCAKE 24X140ML ;MAXIBON WAFFLE N2 24X140;
05-2025 -> 05-2026;2866;LORCA;33;DOMINGO GINER ;401350172;SUPER SOL BOLNUEVO;8419;;;Conveniencia;TIENDA DE ALIMENTACION ETNICA ;01/03/2023;04/08/2025;0;35;-35;35;MDLZ BB MILKA N2 20X90ML;MDLZ BBTOBLERONE N1 20X90;MAXIBON CHSCAKE 24X140ML ;
05-2025 -> 05-2026;2866;LORCA;35;RAUL MARTINEZ ;401274874;BAR GALERA;9586;;;Bares y Cafeter¡as;BAR Y CAFETERIA;24/06/2019;14/04/2026;35;36;-1;36;PIRULO FRUIT JOY 24X65ML;EXTR LM CHESCK 16x110ML;EXTREME NATA N2 16X110ML;
05-2025 -> 05-2026;2866;LORCA;81;ANDRES MARIA CRUZ;401349260;DESPENSA DE ANA;32510;;;Conveniencia;TIENDA DE ALIMENTACION ETNICA ;01/03/2023;18/03/2026;18;19;-1;19;MAXIBON CHSCAKE 24X140ML ;PIRULO MANGO 36x70ML;NUII TEXPECAN N1 20X90;
05-2025 -> 05-2026;2866;LORCA;03;MARTIN MANCHON;401350325;SUPERTERREROS;3048;B6614;GRUPO UPPER SOC.COOP.IMP.H.P;Hogar;SUPERMERCADOS CON 2 O MAS CAJA;01/03/2023;26/09/2025;0;20;-20;20;MDLZ SNDW OREO 24X110;MAXIBON CHSCAKE 24X140ML ;MAXIBON CLASIC N5 24X140 ;
05-2025 -> 05-2026;2866;LORCA;02;BARTOLO .;401405515;CENTRO SOCIAL COY;10002;;;Varios;VARIOS/OTROS NO CLASIFICABLES;01/04/2025;12/05/2026;2;8;-6;8;NUII ALM.JAVA N5 20X90;SMARTIES PUSHUP 20x85MLN7;EXTR FRESA NA N3 16X120ML;
05-2025 -> 05-2026;2866;LORCA;35;RAUL MARTINEZ ;401352193;HELADERIA PATAPALO;8236;;;Ocio;HELADERIAS/HORCHATERIAS;01/03/2023;12/05/2026;35;36;-1;36;PIRULO FRUIT JOY 24X65ML;EXTR LM CHESCK 16x110ML;EXTREME NATA N2 16X110ML;
05-2025 -> 05-2026;2866;LORCA;80;JUAN LUIS GALLEGO ;401403037;SUPERMERCADO ZAPILLO;32826;000019249;SUPER TOYO/ZAPILLO;Hogar;SUPERMERCADOS CON 2 O MAS CAJA;01/03/2025;08/05/2026;19;31;-12;31;MDLZ SNDW OREO 24X110;MDLZ OREO BTOP N1 20x100;MAXIBON CLASIC N5 24X140 ;
05-2025 -> 05-2026;2866;LORCA;33;DOMINGO GINER ;401403489;PANADERIA LA VIA;5755;;;Conveniencia;PASTELERIAS/PANADERIAS/FRUTERI;01/04/2025;23/06/2025;0;12;-12;12;MAXIBON CHSCAKE 24X140ML ;PIRULO SANDIA N4 36x73ML;PIRULO MANGO 36x70ML;
05-2025 -> 05-2026;2866;LORCA;73;JOSE MIGUEL ANDUJAR;401363557;CAFETERIA LOS PIRINEOS;32888;;;Bares y Cafeter¡as;BAR Y CAFETERIA;01/07/2023;07/05/2026;0;7;-7;7;MAXIBON CHSCAKE 24X140ML ;MAXIBON COOKIE N5 24x150;PIRULO MANGO 36x70ML;
05-2025 -> 05-2026;2866;LORCA;16;FRANCISCO JOSE ASENSIO ;401408009;FENIX;9689;;;Bares y Cafeter¡as;BAR Y CAFETERIA;01/05/2025;11/06/2025;0;4;-4;4;BOKA ZAS NATA N4 24x100ML;PIRL COOL LIMON N3 24X99;PIR COOL FRESA N3 24X99ML;
05-2025 -> 05-2026;2866;LORCA;33;DOMINGO GINER ;401311009;CAFETERIA LA ERMITA;9401;;;Bares y Cafeter¡as;BAR Y CAFETERIA;01/05/2021;23/04/2026;22;36;-14;36;MDLZ BB MILKA N2 20X90ML;MDLZ BBTOBLERONE N1 20X90;MAXIBON COOKIE N5 24x150;
05-2025 -> 05-2026;2866;LORCA;73;JOSE MIGUEL ANDUJAR;401180477;LOCUTORIO NUEVO MERCADO;31977;000013231;NUEVO LOCUTORIO;Conveniencia;PASTELERIAS/PANADERIAS/FRUTERI;24/02/2009;30/05/2025;0;14;-14;14;MAXIBON CHSCAKE 24X140ML ;MAXIBON CLASIC N5 24X140 ;MAXIBON COOKIE N5 24x150;
05-2025 -> 05-2026;2866;LORCA;02;BARTOLO .;401338632;PAK DONER KEBAB;8959;;;Bares y Cafeter¡as;HAMBURGUESERIA/KEBAB/FAST FOOD;01/07/2022;24/07/2025;0;24;-24;24;MDLZ BBTOBLERONE N1 20X90;MAXIBON CHSCAKE 24X140ML ;MAXIBON CLASIC N5 24X140 ;
05-2025 -> 05-2026;2866;LORCA;33;DOMINGO GINER ;401211957;LAS PLANCHAS;8636;;;Bares y Cafeter¡as;BAR Y CAFETERIA;26/06/2017;18/04/2026;6;17;-11;17;MDLZ SNDW OREO 24X110;NUII ALM.JAVA N5 20X90;MDLZ MNBITCUP OREO 12x105;
05-2025 -> 05-2026;2866;LORCA;73;JOSE MIGUEL ANDUJAR;401405735;CAFE BAR LA BRISA;32846;;;Bares y Cafeter¡as;BAR Y CAFETERIA;01/04/2025;30/04/2025;0;18;-18;18;MAXIBON CHSCAKE 24X140ML ;MAXIBON CLASIC N5 24X140 ;MDLZ SNDW OREO 24X110;
05-2025 -> 05-2026;2866;LORCA;72;JOSE MIGUEL  ACACIO;401180255;CAPILLERO RESTAURANTE@;30853;000013221;CAPILLERO;Bares y Cafeter¡as;HAMBURGUESERIA/KEBAB/FAST FOOD;02/02/2004;08/05/2026;5;6;-1;6;EXTR VAINILLA N4 16x120ML;;;
05-2025 -> 05-2026;2866;LORCA;81;ANDRES MARIA CRUZ;401405279;LA TIENDA DE CAMPER;32845;;;Conveniencia;TIENDA DE ALIMENTACION ETNICA ;01/04/2025;06/08/2025;0;10;-10;10;MAXIBON CHSCAKE 24X140ML ;NUII TEXPECAN N1 20X90;MDLZ OREO BTOP N1 20x100;
05-2025 -> 05-2026;2866;LORCA;72;JOSE MIGUEL  ACACIO;401180443;CAFE BAR LOYMAR;30075;000013224;BONSAI-LOYMAR;Bares y Cafeter¡as;BAR Y CAFETERIA;17/01/2008;30/04/2026;6;9;-3;9;MDLZ BB MILKA N2 20X90ML;EXTREME NATA N2 16X110ML;CHOCOCLACK N2 24x90ML;
05-2025 -> 05-2026;2866;LORCA;81;ANDRES MARIA CRUZ;401404553;CENTRO MAYORES LA GLORIA;32840;;;Varios;VARIOS/OTROS NO CLASIFICABLES;01/04/2025;24/05/2025;0;18;-18;18;EXTR LM CHESCK 16x110ML;MDLZ MNBITCUP OREO 12x105;MAXIBON CHSCAKE 24X140ML ;
05-2025 -> 05-2026;2866;LORCA;05;JOSE SANCHEZ;866015992;E.S. EL PARETON 6430;5992;;;Conveniencia;ESTACIONES DE SERVICIO / GASOL;04/03/2002;29/04/2026;17;18;-1;18;MAXIBON WAFFLE N2 24X140;EXTREME NATA N2 16X110ML;MDLZ SNDW OREO 24X110;
05-2025 -> 05-2026;2866;LORCA;05;JOSE SANCHEZ;401403343;SUPERMERCADO CHARTER;8936;;;Hogar;SUPERMERCADOS CON 2 O MAS CAJA;01/04/2025;08/08/2025;0;8;-8;8;MDLZ BBTOBLERONE N1 20X90;MAXIBON COOKIE N5 24x150;MDLZ SNDW OREO 24X110;
05-2025 -> 05-2026;2866;LORCA;02;BARTOLO .;401401702;BAR CAFETERIA LUIS;8119;;;Bares y Cafeter¡as;BAR Y CAFETERIA;01/03/2025;16/05/2025;0;7;-7;7;MDLZ SNDW OREO 24X110;PIRULO FRUIT JOY 24X65ML;EXTR FRESA NA N3 16X120ML;
05-2025 -> 05-2026;2866;LORCA;72;JOSE MIGUEL  ACACIO;401348758;PUB TUDELA;32506;;;Bares y Cafeter¡as;BAR Y CAFETERIA;01/02/2023;03/04/2025;0;19;-19;19;MAXIBON CHSCAKE 24X140ML ;MAXIBON CLASIC N5 24X140 ;MDLZ SNDW OREO 24X110;
05-2025 -> 05-2026;2866;LORCA;05;JOSE SANCHEZ;400936278;AUTOSERVICIO ALIMENTACION;9171;000010108;AUTOSERVICIO TOTANA;Conveniencia;TIENDA DE ALIMENTACION ETNICA ;01/07/2010;12/05/2026;21;25;-4;25;MAXIBON CHSCAKE 24X140ML ;EXTREME NATA N2 16X110ML;MAXIBON WAFFLE N2 24X140;
05-2025 -> 05-2026;2866;LORCA;73;JOSE MIGUEL ANDUJAR;401294431;BAR RODRIGUEZ;32052;;;Bares y Cafeter¡as;BAR Y CAFETERIA;15/06/2020;24/04/2026;17;21;-4;21;MDLZ BBTOBLERONE N1 20X90;MAXIBON CHSCAKE 24X140ML ;PIRULO MANGO 36x70ML;
05-2025 -> 05-2026;2866;LORCA;82;LUIS PARDO;401374718;SUPREMO;32665;;;Hogar;SUPERMERCADOS CON 2 O MAS CAJA;22/01/2024;29/04/2026;17;22;-5;22;CONO KIT KAT N5 16x110ML;BOKA ZAS NATA N4 24x100ML;EXTR FRESA NA N3 16X120ML;
05-2025 -> 05-2026;2866;LORCA;93;MARI CARMEN PREVENTA;401181261;HOTEL MARINA MAR;30508;B6762;SERVIHOTEL, S.L;Hoteles y Hostales;HOTELES Y HOSTALES;11/05/2016;16/09/2025;0;17;-17;17;MDLZ BB MILKA N2 20X90ML;MDLZ BBTOBLERONE N1 20X90;MAXIBON CLASIC N5 24X140 ;
05-2025 -> 05-2026;2866;LORCA;16;FRANCISCO JOSE ASENSIO ;401239109;ESTANCO-1352 DTM;31023;;;Varios;VARIOS/OTROS NO CLASIFICABLES;09/05/2018;07/05/2026;25;27;-2;27;MAXIBON WAFFLE N2 24X140;PIRULO MANGO 36x70ML;NUII TEXPECAN N1 20X90;
05-2025 -> 05-2026;2866;LORCA;03;MARTIN MANCHON;866015670;ESTACION DE SERVICIO GOS;5670;8660149;DEGESCO, S.L.;Conveniencia;ESTACIONES DE SERVICIO / GASOL;22/03/2005;20/03/2026;35;36;-1;36;PIRULO FRUIT JOY 24X65ML;EXTR LM CHESCK 16x110ML;EXTREME NATA N2 16X110ML;
05-2025 -> 05-2026;2866;LORCA;81;ANDRES MARIA CRUZ;401180273;KIOSKO CAMY VILLA AFRICA;30616;;;Casetas NESTLE;CASETA/KIOSCO NESTLE (PROPIEDA;25/07/1998;09/05/2026;35;36;-1;36;EXTR LM CHESCK 16x110ML;EXTREME NATA N2 16X110ML;PIRULO FRUIT JOY 24X65ML;
05-2025 -> 05-2026;2866;LORCA;02;BARTOLO .;401380608;BAR CHAPIRELA;8441;;;Bares y Cafeter¡as;BAR Y CAFETERIA;01/04/2024;09/05/2026;2;26;-24;26;MDLZ BBTOBLERONE N1 20X90;MAXIBON CHSCAKE 24X140ML ;MAXIBON CLASIC N5 24X140 ;
05-2025 -> 05-2026;2866;LORCA;10;EDGAR WIDRIDO GRANDA;401405233;DONER KEBAB;18958;;;Bares y Cafeter¡as;BAR Y CAFETERIA;01/04/2025;13/05/2026;18;36;-18;36;MDLZ BBTOBLERONE N1 20X90;MAXIBON CLASIC N5 24X140 ;MAXIBON COOKIE N5 24x150;
05-2025 -> 05-2026;2866;LORCA;72;JOSE MIGUEL  ACACIO;401407056;CENTRO 3¦ EDAD VICAR;32852;;;Varios;VARIOS/OTROS NO CLASIFICABLES;01/05/2025;20/05/2025;0;12;-12;12;PIRULO SANDIA N4 36x73ML;MAXIBON CLASIC N5 24X140 ;MDLZ SNDW OREO 24X110;
05-2025 -> 05-2026;2866;LORCA;16;FRANCISCO JOSE ASENSIO ;401407935;MOTTUS AUTOMATION&ROBOTIC;32857;;;Varios;VARIOS/OTROS NO CLASIFICABLES;01/05/2025;27/05/2025;0;7;-7;7;MAXIBON CHSCAKE 24X140ML ;MAXIBON COOKIE N5 24x150;EXTR FRESA NA N3 16X120ML;
05-2025 -> 05-2026;2866;LORCA;02;BARTOLO .;866011091;BOCATERIA ¥AMPA ZAMPA;1091;;;Restaurantes;RESTAURANTES (NO INCLUYE CHINO;20/04/2005;13/05/2026;35;36;-1;36;PIRULO FRUIT JOY 24X65ML;EXTR LM CHESCK 16x110ML;EXTREME NATA N2 16X110ML;
05-2025 -> 05-2026;2866;LORCA;03;MARTIN MANCHON;401350167;RESTAURANTE DUEM'OS;8965;;;Ocio;CAMPING/PISCINAS/POLIDEPORTIVO;01/03/2023;07/05/2026;22;31;-9;31;MDLZ BBTOBLERONE N1 20X90;PIRULO TROPICALN1 20x70ml;MAXIBON CHSCAKE 24X140ML ;
05-2025 -> 05-2026;2866;LORCA;05;JOSE SANCHEZ;400970112;CAMPING SIERRA ESPU¥A;1697;;;Ocio;CAMPING/PISCINAS/POLIDEPORTIVO;01/07/2011;17/04/2026;26;28;-2;28;NUII TEXPECAN N1 20X90;MDLZ BBTOBLERONE N1 20X90;EXTR LM CHESCK 16x110ML;
05-2025 -> 05-2026;2866;LORCA;05;JOSE SANCHEZ;401361024;LA PARADA DE SIERRA ESPU¥;9154;;;Restaurantes;RESTAURANTES (NO INCLUYE CHINO;01/06/2023;09/09/2025;0;18;-18;18;MAXIBON POPSCRUN N4 12X80;CONO KIT KAT N5 16x110ML;MAXIBON CLASIC N5 24X140 ;
05-2025 -> 05-2026;2866;LORCA;16;FRANCISCO JOSE ASENSIO ;401405106;TIENDA MONICA;9687;;;Conveniencia;TIENDA DE ALIMENTACION ETNICA ;01/04/2025;30/04/2026;14;18;-4;18;NUII TEXPECAN N1 20X90;MAXIBON COOKIE N5 24x150;PIRULO MANGO 36x70ML;
05-2025 -> 05-2026;2866;LORCA;93;MARI CARMEN PREVENTA;401367393;CIRCUITO TABERNAS;32349;;;Bares y Cafeter¡as;BAR Y CAFETERIA;01/11/2023;23/04/2026;7;11;-4;11;MDLZ SNDW OREO 24X110;MAXIBON CLASIC N5 24X140 ;MAXIBON COOKIE N5 24x150;
05-2025 -> 05-2026;2866;LORCA;02;BARTOLO .;401029892;CAFETERIA TURQUESA;3563;;;Bares y Cafeter¡as;BAR Y CAFETERIA;26/03/2013;25/03/2026;0;9;-9;9;MDLZ BBTOBLERONE N1 20X90;MAXIBON CLASIC N5 24X140 ;MDLZ SNDW OREO 24X110;
05-2025 -> 05-2026;2866;LORCA;35;RAUL MARTINEZ ;401386714;COMO DICE EL DICHO;8458;;;Bares y Cafeter¡as;BAR Y CAFETERIA;01/06/2024;25/04/2025;0;10;-10;10;MAXIBON CHSCAKE 24X140ML ;MDLZ SNDW OREO 24X110;NUII TEXPECAN N1 20X90;
05-2025 -> 05-2026;2866;LORCA;81;ANDRES MARIA CRUZ;401181288;RETS.JAIME;32305;;;Restaurantes;RESTAURANTES (NO INCLUYE CHINO;13/06/2016;13/05/2026;4;5;-1;5;EXTR DOBLE CHON2 16x120ML;SMARTIES PUSHUP 20x85MLN7;;
05-2025 -> 05-2026;2866;LORCA;16;FRANCISCO JOSE ASENSIO ;401317758;SUPER CABO DE GATA;30707;;;Hogar;SUPERMERCADOS CON 2 O MAS CAJA;01/07/2021;24/03/2026;35;37;-2;37;EXTR LM CHESCK 16x110ML;PIRULO FRUIT JOY 24X65ML;EXTREME NATA N2 16X110ML;
05-2025 -> 05-2026;2866;LORCA;73;JOSE MIGUEL ANDUJAR;401193897;KOMO KOMO VIATOR;39249;;;Conveniencia;TIENDA DE ALIMENTACION ETNICA ;11/01/2017;30/04/2026;24;29;-5;29;MAXIBON CHSCAKE 24X140ML ;PIRULO MANGO 36x70ML;NUII TEXPECAN N1 20X90;
05-2025 -> 05-2026;2866;LORCA;33;DOMINGO GINER ;401127128;CAMPING LOS MADRILES;2150;8660178;MENDEZ LOPEZ;Ocio;CAMPING/PISCINAS/POLIDEPORTIVO;06/05/2015;02/04/2026;18;21;-3;21;MDLZ BB MILKA N2 20X90ML;EXTR LM CHESCK 16x110ML;NUII NA CH.NEG N2 20x90;
05-2025 -> 05-2026;2866;LORCA;93;MARI CARMEN PREVENTA;401180421;OASIS PARQUE TEMATICO;30059;B6505;GRUPO HOTELES PLAYA, S.L.;Ocio;PARQUE DE ATRACCIONES/PARQUES ;04/05/2007;07/05/2026;26;30;-4;30;MDLZ BB MILKA N2 20X90ML;MDLZ BBTOBLERONE N1 20X90;PIRULO FRUIT JOY 24X65ML;
05-2025 -> 05-2026;2866;LORCA;81;ANDRES MARIA CRUZ;401180422;HOTEL PLAYA SOL;30060;B6505;GRUPO HOTELES PLAYA, S.L.;Hoteles y Hostales;HOTELES Y HOSTALES;07/05/2007;12/05/2026;0;6;-6;6;NUII TEXPECAN N1 20X90;NUII ALM.JAVA N5 20X90;CHOCOCLACK N2 24x90ML;
05-2025 -> 05-2026;2866;LORCA;81;ANDRES MARIA CRUZ;401275376;FRUTERIA ROMERA;31847;;;Varios;VARIOS/OTROS NO CLASIFICABLES;01/07/2019;14/08/2025;0;20;-20;20;EXTR CRML SALADO 16x110ML;MDLZ MNBITCUP OREO 12x105;MAXIBON CHSCAKE 24X140ML ;
05-2025 -> 05-2026;2866;LORCA;81;ANDRES MARIA CRUZ;401180354;RESTAURANTE EL PIRATA;30014;;;Restaurantes;RESTAURANTES (NO INCLUYE CHINO;08/03/2006;30/04/2026;19;25;-6;25;MDLZ BB MILKA N2 20X90ML;MDLZ BBTOBLERONE N1 20X90;MDLZ SNDW OREO 24X110;
05-2025 -> 05-2026;2866;LORCA;73;JOSE MIGUEL ANDUJAR;401270269;GASTROBAR COFFE;31816;;;Bares y Cafeter¡as;BAR Y CAFETERIA;01/05/2019;31/03/2026;17;18;-1;18;MAXIBON CHSCAKE 24X140ML ;PIRULO SANDIA N4 36x73ML;PIRULO MANGO 36x70ML;
05-2025 -> 05-2026;2866;LORCA;16;FRANCISCO JOSE ASENSIO ;401284948;KIOSCO PAQUITA;31918;;;Impulso Tradicional;KIOSCO FIJO (NO PROPIEDAD NEST;27/01/2020;11/09/2025;0;36;-36;36;NUII NA CH.NEG N2 20x90;NUII ALM.JAVA N5 20X90;MAXIBON CLASIC N5 24X140 ;
05-2025 -> 05-2026;2866;LORCA;35;RAUL MARTINEZ ;401394765;MARLOMN;9043;000018746;GORBEIA BUSSINES;Bares y Cafeter¡as;BAR Y CAFETERIA;01/12/2024;13/05/2026;2;6;-4;6;NUII ALM.JAVA N5 20X90;CHOCOCLACK N2 24x90ML;PIRL COOL LIMON N3 24X99;
05-2025 -> 05-2026;2866;LORCA;16;FRANCISCO JOSE ASENSIO ;401352595;SUPERMERCADO LAS NEGRAS;32757;000017532;CAI LIPING;Conveniencia;TIENDA DE ALIMENTACION ETNICA ;01/03/2023;07/04/2026;35;36;-1;36;EXTR LM CHESCK 16x110ML;PIRULO FRUIT JOY 24X65ML;EXTREME NATA N2 16X110ML;
05-2025 -> 05-2026;2866;LORCA;80;JUAN LUIS GALLEGO ;401406920;12633 E.S.CASI SAN ISIDRO;39560;;;Conveniencia;ESTACIONES DE SERVICIO / GASOL;01/05/2025;20/08/2025;0;23;-23;23;MDLZ BB MILKA N2 20X90ML;MDLZ BBTOBLERONE N1 20X90;MAXIBON CHSCAKE 24X140ML ;
05-2025 -> 05-2026;2866;LORCA;81;ANDRES MARIA CRUZ;401180489;PAPES BAR CAFETERIA;30103;;;Bares y Cafeter¡as;BAR Y CAFETERIA;27/03/2009;13/05/2026;18;19;-1;19;MAXIBON WAFFLE N2 24X140;PIRULO MANGO 36x70ML;NUII CRM AUSTRAL.N4 20X90;
05-2025 -> 05-2026;2866;LORCA;03;MARTIN MANCHON;401233444;CHIRINGUITO ESTRELLA MAR;7589;;;Bares y Cafeter¡as;BAR Y CAFETERIA;15/03/2018;08/05/2026;3;14;-11;14;NUII ALM.JAVA N5 20X90;MAXIBON CLASIC N5 24X140 ;SMARTIES PUSHUP 20x85MLN7;
05-2025 -> 05-2026;2866;LORCA;81;ANDRES MARIA CRUZ;401180406;EST. DE SERVICIO B.P.;30046;000004425;BP OIL ESPA¥A S.A.U.;Conveniencia;ESTACIONES DE SERVICIO / GASOL;30/03/2007;13/05/2026;17;20;-3;20;MDLZ BB MILKA N2 20X90ML;MAXIBON CHSCAKE 24X140ML ;NUII TEXPECAN N1 20X90;
05-2025 -> 05-2026;2866;LORCA;33;DOMINGO GINER ;400993301;TIENDA;3196;;;Hogar;SUPERMERCADOS CON 2 O MAS CAJA;01/04/2012;07/05/2026;10;12;-2;12;MAXIBON CHSCAKE 24X140ML ;NUII NA CH.NEG N2 20x90;NUII TEXPECAN N1 20X90;
05-2025 -> 05-2026;2866;LORCA;35;RAUL MARTINEZ ;401309250;CAFETERIA CARPEDIEM;10317;;;Bares y Cafeter¡as;BAR Y CAFETERIA;12/04/2021;13/05/2026;8;15;-7;15;MDLZ BBTOBLERONE N1 20X90;MAXIBON CHSCAKE 24X140ML ;MAXIBON COOKIE N5 24x150;
05-2025 -> 05-2026;2866;LORCA;81;ANDRES MARIA CRUZ;401404693;ALIMENTACION LOS HERMANOS;32841;;;Conveniencia;TIENDA DE ALIMENTACION ETNICA ;01/04/2025;09/08/2025;0;14;-14;14;MAXIBON CHSCAKE 24X140ML ;MAXIBON CLASIC N5 24X140 ;NUII ALM.JAVA N5 20X90;
05-2025 -> 05-2026;2866;LORCA;02;BARTOLO .;401377171;ALIMENTACION XU;5701;000019069;ALIMENTACION XU;Conveniencia;TIENDA DE ALIMENTACION ETNICA ;01/02/2024;26/02/2026;23;26;-3;26;MDLZ OREO BTOP N1 20x100;MAXIBON COOKIE N5 24x150;MAXIBON WAFFLE N2 24X140;
05-2025 -> 05-2026;2866;LORCA;02;BARTOLO .;401274673;COMIDAS LLEVAR LA CAZUELA;6154;;;Conveniencia;COMIDA PREPARADA/ASADORES DE P;24/06/2019;19/09/2025;0;5;-5;5;MDLZ SNDW OREO 24X110;NUII ALM.JAVA N5 20X90;CHOCOCLACK N2 24x90ML;
05-2025 -> 05-2026;2866;LORCA;81;ANDRES MARIA CRUZ;401401133;COMERCIO DAMNOUN;32775;;;Conveniencia;TIENDA DE ALIMENTACION ETNICA ;01/03/2025;14/08/2025;0;25;-25;25;PIR FANTASMIKOS N5 18X75;PIRULO SANDIA N4 36x73ML;MDLZ MNBITCUP OREO 12x105;
05-2025 -> 05-2026;2866;LORCA;33;DOMINGO GINER ;866010633;PIZZERIA COSTA;633;8660158;HERMANOS COSTA;Restaurantes;RESTAURANTES (NO INCLUYE CHINO;03/12/1999;07/05/2026;3;5;-2;5;MAXIBON CLASIC N5 24X140 ;PIR FANTASMIKOS N5 18X75;;
05-2025 -> 05-2026;2866;LORCA;72;JOSE MIGUEL  ACACIO;401180762;RESTAURANTE LA LONJA;30261;;;Restaurantes;RESTAURANTES (NO INCLUYE CHINO;19/06/2013;09/04/2026;4;5;-1;5;NUII ALM.JAVA N5 20X90;;;
05-2025 -> 05-2026;2866;LORCA;33;DOMINGO GINER ;866012613;LOS ROSALES, BAR;2613;;;Bares y Cafeter¡as;BAR Y CAFETERIA;01/01/1998;29/04/2026;18;19;-1;19;MAXIBON WAFFLE N2 24X140;MDLZ SNDW OREO 24X110;SMARTIES PUSHUP 20x85MLN7;
05-2025 -> 05-2026;2866;LORCA;35;RAUL MARTINEZ ;866012914;PINAR LA DE  ALFAHUARA;7480;000017850;CAMPING SIERRA DE MARIA;Ocio;CAMPING/PISCINAS/POLIDEPORTIVO;25/06/2003;31/03/2026;27;30;-3;30;MAXIBON COOKIE N5 24x150;MAXIBON WAFFLE N2 24X140;PIRULO MANGO 36x70ML;
05-2025 -> 05-2026;2866;LORCA;16;FRANCISCO JOSE ASENSIO ;401307740;CHIRINGUITO CHIRIBUS;32255;;;Ocio;CHIRINGUITOS DE PLAYA/MERENDER;22/03/2021;05/05/2026;17;20;-3;20;MDLZ BB MILKA N2 20X90ML;MAXIBON CHSCAKE 24X140ML ;MDLZ SNDW OREO 24X110;
05-2025 -> 05-2026;2866;LORCA;16;FRANCISCO JOSE ASENSIO ;401261412;E.S.BP VERA;8392;000016996;E.S. BP ALMERIA;Conveniencia;ESTACIONES DE SERVICIO / GASOL;18/02/2019;07/05/2025;0;16;-16;16;MDLZ BBTOBLERONE N1 20X90;MAXIBON CHSCAKE 24X140ML ;MAXIBON CLASIC N5 24X140 ;
05-2025 -> 05-2026;2866;LORCA;16;FRANCISCO JOSE ASENSIO ;401359151;SUPERMERCADO ARRECIFE;32616;;;Hogar;SUPERMERCADOS CON 2 O MAS CAJA;05/06/2023;28/04/2026;25;36;-11;36;MAXIBON WAFFLE N2 24X140;MDLZ MNBITCUP OREO 12x105;CHOCOCLACK N2 24x90ML;
05-2025 -> 05-2026;2866;LORCA;73;JOSE MIGUEL ANDUJAR;401180252;REST. LOS ARCOS;32458;;;Restaurantes;RESTAURANTES (NO INCLUYE CHINO;01/12/1997;13/05/2026;20;36;-16;36;NUII CRM AUSTRAL.N4 20X90;BOKA ZAS NATA N4 24x100ML;MDLZ BB MILKA N2 20X90ML;
05-2025 -> 05-2026;2866;LORCA;80;JUAN LUIS GALLEGO ;401180267;BUR POLLO HAMBURGUESERIA;30611;;;Conveniencia;COMIDA PREPARADA/ASADORES DE P;31/03/2004;12/05/2026;21;22;-1;22;MAXIBON CHSCAKE 24X140ML ;PIRULO MANGO 36x70ML;NUII TEXPECAN N1 20X90;
05-2025 -> 05-2026;2866;LORCA;81;ANDRES MARIA CRUZ;401180420;HOTEL PLAYADULCE;30058;B6505;GRUPO HOTELES PLAYA, S.L.;Hoteles y Hostales;HOTELES Y HOSTALES;03/05/2007;13/05/2026;26;28;-2;28;MDLZ BBTOBLERONE N1 20X90;MDLZ BB MILKA N2 20X90ML;;
05-2025 -> 05-2026;2866;LORCA;10;EDGAR WIDRIDO GRANDA;401401745;BAR PUEBLO VALLUNO;9628;;;Bares y Cafeter¡as;BAR Y CAFETERIA;01/03/2025;22/04/2026;14;15;-1;15;MDLZ BBTOBLERONE N1 20X90;MDLZ SNDW OREO 24X110;PIRULO MANGO 36x70ML;
05-2025 -> 05-2026;2866;LORCA;33;DOMINGO GINER ;401366434;FAMILY PARK;8369;;;Hogar;SUPERMERCADOS CON 2 O MAS CAJA;16/10/2023;09/07/2025;0;11;-11;11;MDLZ SNDW OREO 24X110;PIR FANTASMIKOS N5 18X75;PIRULO SANDIA N4 36x73ML;
05-2025 -> 05-2026;2866;LORCA;72;JOSE MIGUEL  ACACIO;401407792;E.S. SANTO DOMINGO REPSOL;32856;;;Conveniencia;ESTACIONES DE SERVICIO / GASOL;01/05/2025;05/08/2025;0;36;-36;36;MDLZ BB MILKA N2 20X90ML;MDLZ BBTOBLERONE N1 20X90;MAXIBON CHSCAKE 24X140ML ;
05-2025 -> 05-2026;2866;LORCA;02;BARTOLO .;400930248;HELADERIA VENECIA;10444;;;Ocio;HELADERIAS/HORCHATERIAS;14/06/2010;08/05/2026;13;22;-9;22;MDLZ SNDW OREO 24X110;NUII NA CH.NEG N2 20x90;NUII CRM AUSTRAL.N4 20X90;
05-2025 -> 05-2026;2866;LORCA;02;BARTOLO .;866011236;JARDINES DE LORCA, HOTEL;1236;000015244;QUANTUM ASOCIADOS;Hoteles y Hostales;HOTELES Y HOSTALES;01/01/1998;12/05/2026;10;11;-1;11;SMARTIES PUSHUP 20x85MLN7;PIRULO FRUIT JOY 24X65ML;;
05-2025 -> 05-2026;2866;LORCA;81;ANDRES MARIA CRUZ;401180386;EL CORTIJO RESTAURANTE;32272;;;Restaurantes;RESTAURANTES (NO INCLUYE CHINO;04/10/2006;05/05/2026;5;6;-1;6;MDLZ MNBITCUP OREO 12x105;;;
05-2025 -> 05-2026;2866;LORCA;73;JOSE MIGUEL ANDUJAR;401360685;EUROCIEN;30638;;;Conveniencia;TIENDA DE ALIMENTACION ETNICA ;01/06/2023;05/05/2026;5;12;-7;12;MAXIBON CHSCAKE 24X140ML ;MAXIBON CLASIC N5 24X140 ;MAXIBON WAFFLE N2 24X140;
05-2025 -> 05-2026;2866;LORCA;35;RAUL MARTINEZ ;400950485;BAR ANA;7991;;;Bares y Cafeter¡as;BAR Y CAFETERIA;15/02/2011;08/08/2025;0;24;-24;24;MAXIBON CHSCAKE 24X140ML ;MAXIBON CLASIC N5 24X140 ;MAXIBON COOKIE N5 24x150;
05-2025 -> 05-2026;2866;LORCA;03;MARTIN MANCHON;401350318;CHIRINGUITO MAR RABIOSA;3528;000017515;CHIRINGUITO MAR  RABIOSA;Ocio;CHIRINGUITOS DE PLAYA/MERENDER;01/03/2023;08/05/2026;28;30;-2;30;PIRULO MANGO 36x70ML;MDLZ OREO BTOP N1 20x100;MAXIBON CHSCAKE 24X140ML ;
05-2025 -> 05-2026;2866;LORCA;02;BARTOLO .;401025018;ALIMENTACION EUROPA;7977;;;Conveniencia;TIENDA DE ALIMENTACION ETNICA ;11/02/2013;26/03/2026;18;32;-14;32;MDLZ OREO BTOP N1 20x100;EXTR FRESA NA N3 16X120ML;MDLZ BB MILKA N2 20X90ML;
05-2025 -> 05-2026;2866;LORCA;81;ANDRES MARIA CRUZ;401341055;KIOSCO PUERTO ROQUETAS;32468;;;Impulso Tradicional;KIOSCO FIJO (NO PROPIEDAD NEST;01/11/2022;23/08/2025;0;26;-26;26;MAXIBON COOKIE N5 24x150;MAXIBON WAFFLE N2 24X140;EXTR DOBLE CHON2 16x120ML;
05-2025 -> 05-2026;2866;LORCA;02;BARTOLO .;401377885;TRADY`S LORCA;5970;;;Bares y Cafeter¡as;BAR Y CAFETERIA;26/02/2024;09/05/2026;12;26;-14;26;MDLZ BBTOBLERONE N1 20X90;MAXIBON CHSCAKE 24X140ML ;MAXIBON COOKIE N5 24x150;
05-2025 -> 05-2026;2866;LORCA;16;FRANCISCO JOSE ASENSIO ;401391407;ALIMENTACION REQUENA;32904;;;Conveniencia;TIENDA DE ALIMENTACION ETNICA ;01/08/2024;24/03/2026;8;9;-1;9;MAXIBON CHSCAKE 24X140ML ;NUII NA CH.NEG N2 20x90;EXTR FRESA NA N3 16X120ML;
05-2025 -> 05-2026;2866;LORCA;02;BARTOLO .;401287470;MULTIPRECIO SUPER OCHO;9385;;;Hogar;SUPERMERCADOS CON 2 O MAS CAJA;20/02/2020;09/05/2026;29;31;-2;31;EXTREME NATA N2 16X110ML;MDLZ BBTOBLERONE N1 20X90;MAXIBON CHSCAKE 24X140ML ;
05-2025 -> 05-2026;2866;LORCA;10;EDGAR WIDRIDO GRANDA;401351611;MESON EL SUR;8600;;;Restaurantes;RESTAURANTES (NO INCLUYE CHINO;01/03/2023;18/03/2026;12;16;-4;16;MAXIBON CHSCAKE 24X140ML ;MDLZ SNDW OREO 24X110;PIRULO MANGO 36x70ML;
05-2025 -> 05-2026;2866;LORCA;33;DOMINGO GINER ;401261285;MINI SUPER MAO;9220;;;Bares y Cafeter¡as;BAR Y CAFETERIA;18/02/2019;21/02/2026;23;24;-1;24;MAXIBON CLASIC N5 24X140 ;MAXIBON COOKIE N5 24x150;PIRULO MANGO 36x70ML;
05-2025 -> 05-2026;2866;LORCA;16;FRANCISCO JOSE ASENSIO ;401262371;CASA DIEGO 3¦EDAD;32015;;;Bares y Cafeter¡as;BAR Y CAFETERIA;04/03/2019;24/09/2025;0;9;-9;9;MDLZ SNDW OREO 24X110;MDLZ BBTOBLERONE N1 20X90;NUII NA CH.NEG N2 20x90;
05-2025 -> 05-2026;2866;LORCA;03;MARTIN MANCHON;401265461;ALIMENTACION Y MULTIPRECI;9214;;;Conveniencia;TIENDA DE ALIMENTACION ETNICA ;01/04/2019;11/04/2026;19;24;-5;24;MAXIBON CLASIC N5 24X140 ;MAXIBON COOKIE N5 24x150;MAXIBON WAFFLE N2 24X140;
05-2025 -> 05-2026;2866;LORCA;03;MARTIN MANCHON;401403220;CHIRINGUITO BOA BEACH;6021;;;Bares y Cafeter¡as;BAR Y CAFETERIA;01/04/2025;05/05/2026;20;22;-2;22;MAXIBON CHSCAKE 24X140ML ;CONO KIT KAT N5 16x110ML;PIRULO MANGO 36x70ML;
05-2025 -> 05-2026;2866;LORCA;35;RAUL MARTINEZ ;866015039;EST.SERVCIO VTA LA PETRA;9337;;;Conveniencia;ESTACIONES DE SERVICIO / GASOL;25/05/2004;10/04/2026;29;30;-1;30;NUII TEXPECAN N1 20X90;MAXIBON COOKIE N5 24x150;MAXIBON WAFFLE N2 24X140;
05-2025 -> 05-2026;2866;LORCA;73;JOSE MIGUEL ANDUJAR;401352598;EURO PASEO;32546;;;Conveniencia;TIENDA DE ALIMENTACION ETNICA ;01/03/2023;09/05/2026;18;19;-1;19;MAXIBON CLASIC N5 24X140 ;MAXIBON COOKIE N5 24x150;PIRULO MANGO 36x70ML;
05-2025 -> 05-2026;2866;LORCA;13;JOAQUIN GARCIA;401269420;RTE. LOS BARTOLOS;537;;;Restaurantes;RESTAURANTES (NO INCLUYE CHINO;01/05/2019;14/08/2025;0;17;-17;17;MDLZ SNDW OREO 24X110;MAXIBON CHSCAKE 24X140ML ;MAXIBON CLASIC N5 24X140 ;
05-2025 -> 05-2026;2866;LORCA;81;ANDRES MARIA CRUZ;401180231;CAFETERIA LAS 4 Y DIEZ;30584;;;Bares y Cafeter¡as;BAR Y CAFETERIA;15/05/2000;07/05/2026;25;27;-2;27;NUII CRM AUSTRAL.N4 20X90;PIRULO MANGO 36x70ML;NUII TEXPECAN N1 20X90;
05-2025 -> 05-2026;2866;LORCA;02;BARTOLO .;401203791;SUPERMERCADO ALAMO;1116;;;Hogar;SUPERMERCADOS CON 2 O MAS CAJA;18/04/2017;26/03/2026;18;23;-5;23;NUII TEXPECAN N1 20X90;MDLZ MNBITCUP OREO 12x105;PIR FANTASMIKOS N5 18X75;
05-2025 -> 05-2026;2866;LORCA;16;FRANCISCO JOSE ASENSIO ;401406119;SUPERMERCADO TOMASA;9688;;;Hogar;SUPERMERCADOS CON 2 O MAS CAJA;01/05/2025;03/07/2025;0;17;-17;17;MAXIBON CHSCAKE 24X140ML ;MAXIBON CLASIC N5 24X140 ;MAXIBON COOKIE N5 24x150;
05-2025 -> 05-2026;2866;LORCA;81;ANDRES MARIA CRUZ;401180213;KIOSCO CAMY(POCICO);30568;000013738;KIOSCO TARTESO;Casetas NESTLE;CASETA/KIOSCO NESTLE (PROPIEDA;01/12/1997;29/04/2026;35;36;-1;36;EXTR LM CHESCK 16x110ML;EXTREME NATA N2 16X110ML;PIRULO FRUIT JOY 24X65ML;
05-2025 -> 05-2026;2866;LORCA;03;MARTIN MANCHON;866015969;DELFIN 1, HELADERIA;5969;;;Ocio;HELADERIAS/HORCHATERIAS;28/02/1998;06/05/2026;35;36;-1;36;PIRULO FRUIT JOY 24X65ML;EXTR LM CHESCK 16x110ML;EXTREME NATA N2 16X110ML;
05-2025 -> 05-2026;2866;LORCA;16;FRANCISCO JOSE ASENSIO ;401311655;SIMONS CAFE PUB;9559;;;Bares y Cafeter¡as;BAR Y CAFETERIA;03/05/2021;21/08/2025;0;10;-10;10;NUII ALM.JAVA N5 20X90;MDLZ SNDW OREO 24X110;CONO KIT KAT N5 16x110ML;
05-2025 -> 05-2026;2866;LORCA;33;DOMINGO GINER ;401256010;CONFITERIA CANELA;8815;000018192;CONFITERIA CANELA;Bares y Cafeter¡as;BAR Y CAFETERIA;28/01/2019;18/04/2026;35;36;-1;36;PIRULO FRUIT JOY 24X65ML;EXTR LM CHESCK 16x110ML;EXTREME NATA N2 16X110ML;
05-2025 -> 05-2026;2866;LORCA;73;JOSE MIGUEL ANDUJAR;401383703;D'PASO;32332;;;Impulso Tradicional;TIENDAS DE CHUCHERIAS/FRUTOS S;01/04/2024;13/05/2026;7;10;-3;10;MDLZ OREO BTOP N1 20x100;MDLZ MNBITCUP OREO 12x105;MAXIBON CHSCAKE 24X140ML ;
05-2025 -> 05-2026;2866;LORCA;35;RAUL MARTINEZ ;866012215;EL BOCADILLON;5404;;;Restaurantes;RESTAURANTES (NO INCLUYE CHINO;01/01/1998;01/05/2026;35;36;-1;36;PIRULO FRUIT JOY 24X65ML;EXTR LM CHESCK 16x110ML;EXTREME NATA N2 16X110ML;
05-2025 -> 05-2026;2866;LORCA;81;ANDRES MARIA CRUZ;401281500;CAFETERIA MALIBU;31897;;;Bares y Cafeter¡as;BAR Y CAFETERIA;11/12/2019;12/05/2026;28;32;-4;32;MAXIBON WAFFLE N2 24X140;NUII TEXPECAN N1 20X90;PIRULO MANGO 36x70ML;
05-2025 -> 05-2026;2866;LORCA;81;ANDRES MARIA CRUZ;401180692;HOTEL NEPTUNO;52766;000016804;HOTELES ON GROUP;Hoteles y Hostales;HOTELES Y HOSTALES;02/01/2013;06/05/2026;22;23;-1;23;MAXIBON CHSCAKE 24X140ML ;MDLZ SNDW OREO 24X110;PIRULO MANGO 36x70ML;
05-2025 -> 05-2026;2866;LORCA;35;RAUL MARTINEZ ;401405498;ECOSUR;9350;;;Conveniencia;TIENDA DE ALIMENTACION ETNICA ;01/04/2025;18/06/2025;0;15;-15;15;MAXIBON CHSCAKE 24X140ML ;MAXIBON CLASIC N5 24X140 ;MAXIBON COOKIE N5 24x150;
05-2025 -> 05-2026;2866;LORCA;35;RAUL MARTINEZ ;401374337;GOLOSINAS ANA;8526;;;Impulso Tradicional;TIENDAS DE CHUCHERIAS/FRUTOS S;08/01/2024;19/02/2026;28;29;-1;29;MAXIBON WAFFLE N2 24X140;PIRULO MANGO 36x70ML;NUII TEXPECAN N1 20X90;
05-2025 -> 05-2026;2866;LORCA;72;JOSE MIGUEL  ACACIO;401307790;BAR EL TIMON;32512;000016331;RTE. CLUB NAUTICO;Bares y Cafeter¡as;BAR Y CAFETERIA;15/03/2021;09/05/2026;3;8;-5;8;MDLZ MNBITCUP OREO 12x105;EXTR VAINILLA N4 16x120ML;MDLZ BB MILKA N2 20X90ML;
05-2025 -> 05-2026;2866;LORCA;81;ANDRES MARIA CRUZ;401180266;MIGUEL BAR;30610;;;Bares y Cafeter¡as;BAR Y CAFETERIA;31/03/2004;07/05/2026;12;16;-4;16;MAXIBON CHSCAKE 24X140ML ;NUII NA CH.NEG N2 20x90;NUII TEXPECAN N1 20X90;
05-2025 -> 05-2026;2866;LORCA;35;RAUL MARTINEZ ;401376403;E.S. BP ALBOX;5847;;;Conveniencia;ESTACIONES DE SERVICIO / GASOL;01/02/2024;07/05/2026;28;31;-3;31;EXTR CRML SALADO 16x110ML;PIR COOL FRESA N3 24X99ML;MAXIBON COOKIE N5 24x150;
05-2025 -> 05-2026;2866;LORCA;73;JOSE MIGUEL ANDUJAR;401376873;SUPERMERCADO SAN JUAN 5;32675;;;Hogar;SUPERMERCADOS CON 2 O MAS CAJA;01/02/2024;16/09/2025;0;26;-26;26;MAXIBON CHSCAKE 24X140ML ;MDLZ SNDW OREO 24X110;NUII CRM AUSTRAL.N4 20X90;
05-2025 -> 05-2026;2866;LORCA;72;JOSE MIGUEL  ACACIO;401180642;LA BARRANQUILLA ALMERIMAR;32758;;;Bares y Cafeter¡as;BAR Y CAFETERIA;17/03/2012;15/02/2025;0;36;-36;36;MDLZ BB MILKA N2 20X90ML;MDLZ BBTOBLERONE N1 20X90;MAXIBON CHSCAKE 24X140ML ;
05-2025 -> 05-2026;2866;LORCA;16;FRANCISCO JOSE ASENSIO ;401385619;CAFETERIA ALAMEDA;8580;;;Bares y Cafeter¡as;BAR Y CAFETERIA;01/05/2024;13/05/2026;2;11;-9;11;MDLZ SNDW OREO 24X110;MAXIBON CLASIC N5 24X140 ;MAXIBON COOKIE N5 24x150;
05-2025 -> 05-2026;2866;LORCA;33;DOMINGO GINER ;866010656;COSTA COSTA HOTEL;7973;8660158;HERMANOS COSTA;Hoteles y Hostales;HOTELES Y HOSTALES;25/11/1999;28/04/2026;0;7;-7;7;PIR FANTASMIKOS N5 18X75;BOKA ZAS NATA N4 24x100ML;MAXIBON CLASIC N5 24X140 ;
05-2025 -> 05-2026;2866;LORCA;02;BARTOLO .;401400116;KEBAB RICO;9627;;;Bares y Cafeter¡as;BAR Y CAFETERIA;01/02/2025;27/02/2025;0;27;-27;27;MDLZ BB MILKA N2 20X90ML;MDLZ BBTOBLERONE N1 20X90;MAXIBON CHSCAKE 24X140ML ;
05-2025 -> 05-2026;2866;LORCA;73;JOSE MIGUEL ANDUJAR;401241238;MEDITERRANEO 24 HORAS;31030;000015235;PKO 24 HORAS;Restaurantes;RESTAURANTES (NO INCLUYE CHINO;25/05/2018;24/04/2026;25;30;-5;30;MAXIBON CHSCAKE 24X140ML ;MAXIBON WAFFLE N2 24X140;MDLZ OREO BTOP N1 20x100;
05-2025 -> 05-2026;2866;LORCA;03;MARTIN MANCHON;401012054;TIENDA CHINA;3327;8660172;FERNANDEZ TORREGLOSA;Varios;VARIOS/OTROS NO CLASIFICABLES;02/07/2012;14/04/2026;20;26;-6;26;MAXIBON CHSCAKE 24X140ML ;MAXIBON WAFFLE N2 24X140;NUII NA CH.NEG N2 20x90;
05-2025 -> 05-2026;2866;LORCA;16;FRANCISCO JOSE ASENSIO ;401388755;KIOSCO SAN JOSE;32729;;;Ocio;CHIRINGUITOS DE PLAYA/MERENDER;01/06/2024;02/05/2026;35;36;-1;36;EXTR LM CHESCK 16x110ML;EXTREME NATA N2 16X110ML;PIRULO FRUIT JOY 24X65ML;
05-2025 -> 05-2026;2866;LORCA;16;FRANCISCO JOSE ASENSIO ;866015127;CAFETERIA PUERTO REY;5127;;;Bares y Cafeter¡as;BAR Y CAFETERIA;23/01/2007;08/04/2026;24;29;-5;29;NUII CRM AUSTRAL.N4 20X90;NUII TEXPECAN N1 20X90;PIRL COOL LIMON N3 24X99;
05-2025 -> 05-2026;2866;LORCA;73;JOSE MIGUEL ANDUJAR;401180394;CHUCHERIAS LOS CARAMELOS;30036;;;Conveniencia;PASTELERIAS/PANADERIAS/FRUTERI;08/03/2007;09/05/2026;26;31;-5;31;MAXIBON CHSCAKE 24X140ML ;MAXIBON WAFFLE N2 24X140;PIRULO MANGO 36x70ML;
05-2025 -> 05-2026;2866;LORCA;02;BARTOLO .;401383700;VENTA MURCIA;9676;;;Restaurantes;RESTAURANTES (NO INCLUYE CHINO;01/04/2024;28/01/2026;0;8;-8;8;MDLZ SNDW OREO 24X110;MDLZ BB MILKA N2 20X90ML;NUII CRM AUSTRAL.N4 20X90;
05-2025 -> 05-2026;2866;LORCA;02;BARTOLO .;866011484;BAR LOZANO;1484;;;Bares y Cafeter¡as;BAR Y CAFETERIA;03/01/2007;05/05/2026;2;4;-2;4;PIR FANTASMIKOS N5 18X75;NUII CRM AUSTRAL.N4 20X90;;
05-2025 -> 05-2026;2866;LORCA;81;ANDRES MARIA CRUZ;401329909;VINOTECA RAMOS;32426;;;Bares y Cafeter¡as;BAR Y CAFETERIA;01/04/2022;10/04/2025;0;6;-6;6;SMARTIES PUSHUP 20x85MLN7;MAXIBON CLASIC N5 24X140 ;PIR FANTASMIKOS N5 18X75;
05-2025 -> 05-2026;2866;LORCA;05;JOSE SANCHEZ;401310971;CAFE TUMAR;9485;;;Bares y Cafeter¡as;BAR Y CAFETERIA;29/04/2021;16/04/2026;12;18;-6;18;MAXIBON CHSCAKE 24X140ML ;MAXIBON CLASIC N5 24X140 ;MAXIBON COOKIE N5 24x150;
05-2025 -> 05-2026;2866;LORCA;81;ANDRES MARIA CRUZ;401366554;KIOSCO CARLOTA;31169;000013233;DON ANGEL-PORTOMAGNO;Impulso Tradicional;KIOSCO FIJO (NO PROPIEDAD NEST;01/10/2023;05/05/2026;35;36;-1;36;EXTR LM CHESCK 16x110ML;EXTREME NATA N2 16X110ML;PIRULO FRUIT JOY 24X65ML;
05-2025 -> 05-2026;2866;LORCA;02;BARTOLO .;401366715;PAK SUPERMERCADOS;8356;;;Conveniencia;TIENDA DE ALIMENTACION ETNICA ;06/11/2023;16/04/2026;22;25;-3;25;NUII TEXPECAN N1 20X90;MDLZ SNDW OREO 24X110;EXTREME NATA N2 16X110ML;
05-2025 -> 05-2026;2866;LORCA;93;MARI CARMEN PREVENTA;401232723;HOTEL BEST SABINAL;39231;B6835;BEST HOTELES;Hoteles y Hostales;HOTELES Y HOSTALES;08/03/2018;12/05/2026;18;19;-1;19;NUII TEXPECAN N1 20X90;PIRL COOL LIMON N3 24X99;PIR COOL FRESA N3 24X99ML;
05-2025 -> 05-2026;2866;LORCA;81;ANDRES MARIA CRUZ;401278072;BAR LA 3¦ EDAD;32740;;;Bares y Cafeter¡as;BAR Y CAFETERIA;02/09/2019;09/04/2026;4;26;-22;26;CHOCOCLACK N2 24x90ML;EXTR LM CHESCK 16x110ML;EXTR DOBLE CHON2 16x120ML;
05-2025 -> 05-2026;2866;LORCA;33;DOMINGO GINER ;400840747;CAFETERIA LUIS MIGUEL;296;;;Bares y Cafeter¡as;BAR Y CAFETERIA;29/04/2009;16/04/2026;17;18;-1;18;MAXIBON CHSCAKE 24X140ML ;MAXIBON CLASIC N5 24X140 ;MAXIBON COOKIE N5 24x150;
05-2025 -> 05-2026;2866;LORCA;81;ANDRES MARIA CRUZ;401378983;RODRIGUEZ CASA¥AS ANGELES;32690;;;Bares y Cafeter¡as;BAR Y CAFETERIA;01/03/2024;30/07/2025;0;10;-10;10;PIR FANTASMIKOS N5 18X75;MAXIBON CLASIC N5 24X140 ;PIRULO MANGO 36x70ML;
05-2025 -> 05-2026;2866;LORCA;93;MARI CARMEN PREVENTA;401181266;E.S.BP LA COSTA;30512;;;Conveniencia;ESTACIONES DE SERVICIO / GASOL;16/05/2016;21/08/2025;0;6;-6;6;CHOCOCLACK N2 24x90ML;MAXIBON CLASIC N5 24X140 ;PIRL COOL LIMON N3 24X99;
05-2025 -> 05-2026;2866;LORCA;81;ANDRES MARIA CRUZ;401180199;EL CUARTEL BAR;30557;;;Bares y Cafeter¡as;BAR Y CAFETERIA;01/12/1997;20/08/2025;0;7;-7;7;EXTR DOBLE CHON2 16x120ML;MAXIBON CLASIC N5 24X140 ;PIR FANTASMIKOS N5 18X75;
05-2025 -> 05-2026;2866;LORCA;80;JUAN LUIS GALLEGO ;401180360;LOS DOMINGUEZ RESTAURANTE;32736;;;Restaurantes;RESTAURANTES (NO INCLUYE CHINO;21/03/2006;02/05/2026;2;5;-3;5;MAXIBON CLASIC N5 24X140 ;NUII ALM.JAVA N5 20X90;PIRL MIKOLAPIZ N4 20x88ML;
05-2025 -> 05-2026;2866;LORCA;81;ANDRES MARIA CRUZ;401324479;CHIRINGUITO EL HOYO 10;40729;;;Ocio;CHIRINGUITOS DE PLAYA/MERENDER;27/12/2021;15/10/2025;0;6;-6;6;MDLZ SNDW OREO 24X110;EXTR DOBLE CHON2 16x120ML;MAXIBON CLASIC N5 24X140 ;
05-2025 -> 05-2026;2866;LORCA;93;MARI CARMEN PREVENTA;401180285;BP ESTACION DE SERVICIO;32435;000016996;E.S. BP ALMERIA;Conveniencia;ESTACIONES DE SERVICIO / GASOL;23/06/2004;26/03/2026;18;19;-1;19;MAXIBON WAFFLE N2 24X140;NUII TEXPECAN N1 20X90;EXTR FRESA NA N3 16X120ML;
05-2025 -> 05-2026;2866;LORCA;81;ANDRES MARIA CRUZ;401180457;TIENDA LAS CHUCHES III;30081;000013225;LAS CHUCHES;Impulso Tradicional;TIENDAS DE CHUCHERIAS/FRUTOS S;23/04/2008;06/05/2026;35;36;-1;36;PIRULO FRUIT JOY 24X65ML;EXTR LM CHESCK 16x110ML;EXTREME NATA N2 16X110ML;
05-2025 -> 05-2026;2866;LORCA;33;DOMINGO GINER ;401271067;PANADERIA COYFER;8599;000016366;PANADERIAS COYFER;Hogar;SUPERMERCADOS CON 2 O MAS CAJA;21/05/2019;28/04/2026;35;36;-1;36;PIRULO FRUIT JOY 24X65ML;EXTR LM CHESCK 16x110ML;EXTREME NATA N2 16X110ML;
05-2025 -> 05-2026;2866;LORCA;03;MARTIN MANCHON;401274656;RESTAURANTE MAXCALY;8340;;;Restaurantes;RESTAURANTES (NO INCLUYE CHINO;24/06/2019;28/03/2026;0;26;-26;26;MDLZ BBTOBLERONE N1 20X90;MAXIBON CHSCAKE 24X140ML ;MAXIBON CLASIC N5 24X140 ;
05-2025 -> 05-2026;2866;LORCA;80;JUAN LUIS GALLEGO ;401348372;PK™ DULCE Y SALADO CENTRO;32503;000015235;PKO 24 HORAS;Conveniencia;PASTELERIAS/PANADERIAS/FRUTERI;01/02/2023;12/05/2026;23;29;-6;29;MAXIBON CHSCAKE 24X140ML ;PIRULO SANDIA N4 36x73ML;NUII CRM AUSTRAL.N4 20X90;
05-2025 -> 05-2026;2866;LORCA;72;JOSE MIGUEL  ACACIO;401349494;RESTAURANTE MAR AZUL;32683;;;Restaurantes;RESTAURANTES (NO INCLUYE CHINO;01/03/2023;24/04/2026;17;20;-3;20;PIRULO MANGO 36x70ML;PIRULO FRUIT JOY 24X65ML;MDLZ MNBITCUP OREO 12x105;
05-2025 -> 05-2026;2866;LORCA;10;EDGAR WIDRIDO GRANDA;401351056;CARNICERIA FRUTERIA HALAL;8692;;;Varios;VARIOS/OTROS NO CLASIFICABLES;01/03/2023;13/05/2026;35;36;-1;36;EXTR LM CHESCK 16x110ML;PIRULO FRUIT JOY 24X65ML;EXTREME NATA N2 16X110ML;
05-2025 -> 05-2026;2866;LORCA;16;FRANCISCO JOSE ASENSIO ;400821451;KIOSCO LUPE;4096;;;Impulso Tradicional;KIOSCO FIJO (NO PROPIEDAD NEST;19/12/2008;13/05/2026;35;36;-1;36;PIRULO FRUIT JOY 24X65ML;EXTR LM CHESCK 16x110ML;EXTREME NATA N2 16X110ML;
05-2025 -> 05-2026;2866;LORCA;03;MARTIN MANCHON;401389310;CHIRINGUITO EL PUERTO;8353;;;Ocio;CHIRINGUITOS DE PLAYA/MERENDER;01/07/2024;13/08/2025;0;7;-7;7;PIRULO SANDIA N4 36x73ML;PIRL COOL LIMON N3 24X99;PIR COOL FRESA N3 24X99ML;
05-2025 -> 05-2026;2866;LORCA;03;MARTIN MANCHON;401204039;EXPO BAR;7838;;;Bares y Cafeter¡as;BAR Y CAFETERIA;20/04/2017;05/05/2026;5;7;-2;7;MAXIBON WAFFLE N2 24X140;NUII CRM AUSTRAL.N4 20X90;EXTR FRESA NA N3 16X120ML;
05-2025 -> 05-2026;2866;LORCA;05;JOSE SANCHEZ;866015121;MULTIOCIO PARK;5121;;;Bares y Cafeter¡as;BAR Y CAFETERIA;09/01/2007;23/04/2026;20;23;-3;23;MAXIBON CHSCAKE 24X140ML ;MAXIBON WAFFLE N2 24X140;PIRULO MANGO 36x70ML;
05-2025 -> 05-2026;2866;LORCA;82;LUIS PARDO;401383706;CAFE BAR LA ESTACION;32717;;;Bares y Cafeter¡as;BAR Y CAFETERIA;01/04/2024;16/04/2025;0;5;-5;5;CHOCOCLACK N2 24x90ML;PIRL MIKOLAPIZ N4 20x88ML;MAXIBON POPSCRUN N4 12X80;
05-2025 -> 05-2026;2866;LORCA;73;JOSE MIGUEL ANDUJAR;401352082;CAFETERIA CARMA;32542;;;Bares y Cafeter¡as;BAR Y CAFETERIA;01/03/2023;13/05/2026;17;22;-5;22;MDLZ BB MILKA N2 20X90ML;MAXIBON CHSCAKE 24X140ML ;MAXIBON COOKIE N5 24x150;
05-2025 -> 05-2026;2866;LORCA;16;FRANCISCO JOSE ASENSIO ;401352188;CHIRINGUITO EL PLAYAZO;8341;;;Ocio;CHIRINGUITOS DE PLAYA/MERENDER;01/03/2023;28/03/2026;14;15;-1;15;NUII TEXPECAN N1 20X90;MAXIBON CHSCAKE 24X140ML ;MAXIBON CLASIC N5 24X140 ;
05-2025 -> 05-2026;2866;LORCA;16;FRANCISCO JOSE ASENSIO ;400954883;APARTHOTEL ADVISE REINA;1387;;;Hoteles y Hostales;HOTELES Y HOSTALES;05/04/2011;12/05/2026;9;13;-4;13;BOKA ZAS NATA N4 24x100ML;EXTR FRESA NA N3 16X120ML;EXTR VAINILLA N4 16x120ML;
05-2025 -> 05-2026;2866;LORCA;93;MARI CARMEN PREVENTA;401374502;E.S. N§12144 REPSOL;70076;B6345;LOGISTA SA;Conveniencia;ESTACIONES DE SERVICIO / GASOL;08/01/2024;28/08/2025;0;15;-15;15;MAXIBON CLASIC N5 24X140 ;NUII CRM AUSTRAL.N4 20X90;NUII ALM.JAVA N5 20X90;
05-2025 -> 05-2026;2866;LORCA;02;BARTOLO .;400997719;BAR ROMERA;710;;;Bares y Cafeter¡as;BAR Y CAFETERIA;07/05/2012;05/05/2026;25;29;-4;29;MDLZ OREO BTOP N1 20x100;MDLZ BB OREO 20X90ML;PIRL COOL LIMON N3 24X99;
05-2025 -> 05-2026;2866;LORCA;93;MARI CARMEN PREVENTA;401406474;8794 EROSKI AGUILAS;70084;B8055;Eroski-Caprabo CST;Hogar;SUPERMERCADOS CON 2 O MAS CAJA;01/05/2025;06/05/2026;5;17;-12;17;MDLZ BB MILKA N2 20X90ML;MAXIBON CLASIC N5 24X140 ;NUII CRM AUSTRAL.N4 20X90;
05-2025 -> 05-2026;2866;LORCA;35;RAUL MARTINEZ ;866015635;PANADERIA 4 ESTACIONES;5635;;;Conveniencia;PASTELERIAS/PANADERIAS/FRUTERI;16/03/2005;29/04/2026;18;28;-10;28;MDLZ BBTOBLERONE N1 20X90;MAXIBON CHSCAKE 24X140ML ;MAXIBON WAFFLE N2 24X140;
05-2025 -> 05-2026;2866;LORCA;03;MARTIN MANCHON;401384448;RESTAUR.PARRILA LOS 60;8449;;;Restaurantes;RESTAURANTES (NO INCLUYE CHINO;01/05/2024;07/05/2026;0;11;-11;11;MDLZ BBTOBLERONE N1 20X90;MAXIBON CHSCAKE 24X140ML ;MAXIBON CLASIC N5 24X140 ;
05-2025 -> 05-2026;2866;LORCA;33;DOMINGO GINER ;401384583;CAMPING PLAYA PARAZUELOS;8433;;;Ocio;CAMPING/PISCINAS/POLIDEPORTIVO;01/05/2024;07/05/2026;16;26;-10;26;EXTR CRML SALADO 16x110ML;MDLZ BB MILKA N2 20X90ML;MDLZ BBTOBLERONE N1 20X90;
05-2025 -> 05-2026;2866;LORCA;93;MARI CARMEN PREVENTA;401233750;HOTEL PUEBLO INDALO;30963;B6835;BEST HOTELES;Hoteles y Hostales;HOTELES Y HOSTALES;19/03/2018;12/05/2026;11;18;-7;18;PIRULO FRUIT JOY 24X65ML;MAXIBON CHSCAKE 24X140ML ;MAXIBON CLASIC N5 24X140 ;
05-2025 -> 05-2026;2866;LORCA;05;JOSE SANCHEZ;401373979;BAR LA PALESTRA;8366;8660147;EL BERRO;Bares y Cafeter¡as;BAR Y CAFETERIA;18/12/2023;09/04/2026;0;28;-28;28;MDLZ BBTOBLERONE N1 20X90;MAXIBON CHSCAKE 24X140ML ;MAXIBON CLASIC N5 24X140 ;
05-2025 -> 05-2026;2866;LORCA;35;RAUL MARTINEZ ;866014217;GASOLINERA EL LIMITE;6771;000010351;ANDAMUR;Conveniencia;ESTACIONES DE SERVICIO / GASOL;01/01/1998;06/05/2026;17;18;-1;18;MDLZ BB MILKA N2 20X90ML;EXTR CRML SALADO 16x110ML;EXTREME NATA N2 16X110ML;
05-2025 -> 05-2026;2866;LORCA;81;ANDRES MARIA CRUZ;401180720;HOTEL ARENAS CENTER;50235;;;Hoteles y Hostales;HOTELES Y HOSTALES;19/03/2013;06/05/2026;0;19;-19;19;EXTR DOBLE CHON2 16x120ML;MAXIBON CHSCAKE 24X140ML ;MAXIBON CLASIC N5 24X140 ;
05-2025 -> 05-2026;2866;LORCA;72;JOSE MIGUEL  ACACIO;401373104;LA MITICA TAVERNETTA;32658;;;Restaurantes;RESTAURANTES (NO INCLUYE CHINO;01/12/2023;26/02/2025;0;5;-5;5;BOKA ZAS NATA N4 24x100ML;EXTR VAINILLA N4 16x120ML;EXTR DOBLE CHON2 16x120ML;
05-2025 -> 05-2026;2866;LORCA;81;ANDRES MARIA CRUZ;401378048;CHIRINGUITO PACO'S;30021;;;Ocio;CHIRINGUITOS DE PLAYA/MERENDER;01/03/2024;08/05/2026;7;22;-15;22;SMARTIES PUSHUP 20x85MLN7;CHOCOCLACK N2 24x90ML;PIRL COOL LIMON N3 24X99;
05-2025 -> 05-2026;2866;LORCA;33;DOMINGO GINER ;400744799;E.S. PLAYASO PERCHELES;5160;000004425;BP OIL ESPA¥A S.A.U.;Conveniencia;ESTACIONES DE SERVICIO / GASOL;08/03/2007;23/04/2026;9;14;-5;14;PIRULO MANGO 36x70ML;NUII ALMBCO JAVA N2 20X90;PIRL COOL LIMON N3 24X99;
05-2025 -> 05-2026;2866;LORCA;35;RAUL MARTINEZ ;401393442;SUPER ZURGENA;5986;;;Hogar;SUPERMERCADOS CON 2 O MAS CAJA;01/10/2024;12/06/2025;0;8;-8;8;MDLZ SNDW OREO 24X110;NUII TEXPECAN N1 20X90;PIR FANTASMIKOS N5 18X75;
05-2025 -> 05-2026;2866;LORCA;33;DOMINGO GINER ;401075285;BAR MORABU;8625;;;Bares y Cafeter¡as;BAR Y CAFETERIA;03/03/2014;23/04/2026;18;24;-6;24;MDLZ BB MILKA N2 20X90ML;MAXIBON CHSCAKE 24X140ML ;MAXIBON COOKIE N5 24x150;
05-2025 -> 05-2026;2866;LORCA;72;JOSE MIGUEL  ACACIO;401232971;ESTACION DE SERVICIO CEPS;32812;;;Conveniencia;ESTACIONES DE SERVICIO / GASOL;01/03/2018;26/03/2026;8;19;-11;19;MAXIBON CLASIC N5 24X140 ;MDLZ BB MILKA N2 20X90ML;MAXIBON CHSCAKE 24X140ML ;
05-2025 -> 05-2026;2866;LORCA;81;ANDRES MARIA CRUZ;401180346;CAFETERIA HELADERIA COTO;30007;;;Bares y Cafeter¡as;BAR Y CAFETERIA;30/01/2006;09/05/2026;0;21;-21;21;MDLZ BB MILKA N2 20X90ML;MDLZ BBTOBLERONE N1 20X90;MAXIBON CHSCAKE 24X140ML ;
05-2025 -> 05-2026;2866;LORCA;73;JOSE MIGUEL ANDUJAR;401312302;ATEN OIL SECTOR AOPERACIO;32890;;;Conveniencia;ESTACIONES DE SERVICIO / GASOL;17/05/2021;02/05/2026;9;21;-12;21;MDLZ SNDW OREO 24X110;MAXIBON WAFFLE N2 24X140;MAXIBON CHSCAKE 24X140ML ;
05-2025 -> 05-2026;2866;LORCA;35;RAUL MARTINEZ ;401294267;CHIRINGUITO EL RECREO;9324;;;Ocio;CHIRINGUITOS DE PLAYA/MERENDER;15/06/2020;18/09/2025;0;30;-30;30;CHOCOCLACK N2 24x90ML;MDLZ SNDW OREO 24X110;MDLZ BB MILKA N2 20X90ML;
05-2025 -> 05-2026;2866;LORCA;80;JUAN LUIS GALLEGO ;401374369;BAR EL PUERTO;31919;000018136;CHIRINGUITO PESETA BAHIA ;Bares y Cafeter¡as;BAR Y CAFETERIA;01/01/2024;12/09/2025;0;28;-28;28;MDLZ BB MILKA N2 20X90ML;MAXIBON COOKIE N5 24x150;MDLZ SNDW OREO 24X110;
05-2025 -> 05-2026;2866;LORCA;81;ANDRES MARIA CRUZ;401180225;BAR ANTONIO;32507;;;Bares y Cafeter¡as;BAR Y CAFETERIA;01/12/1997;16/10/2025;0;6;-6;6;MDLZ BB MILKA N2 20X90ML;MAXIBON CLASIC N5 24X140 ;EXTR VAINILLA N4 16x120ML;
05-2025 -> 05-2026;2866;LORCA;10;EDGAR WIDRIDO GRANDA;401406268;CARNICERIA HALAL PTO.LUMB;9544;;;Varios;VARIOS/OTROS NO CLASIFICABLES;01/05/2025;16/09/2025;0;26;-26;26;MDLZ BBTOBLERONE N1 20X90;MAXIBON CHSCAKE 24X140ML ;MAXIBON CLASIC N5 24X140 ;
05-2025 -> 05-2026;2866;LORCA;81;ANDRES MARIA CRUZ;401180854;CARNICERIA Y FRUTERIA;32299;;;Conveniencia;TIENDA DE ALIMENTACION ETNICA ;29/04/2014;01/04/2026;17;19;-2;19;MAXIBON COOKIE N5 24x150;MAXIBON WAFFLE N2 24X140;PIRULO MANGO 36x70ML;
05-2025 -> 05-2026;2866;LORCA;16;FRANCISCO JOSE ASENSIO ;401288743;BEACH CLUB BOCAINA;31940;;;Bares y Cafeter¡as;BAR Y CAFETERIA;09/03/2020;30/04/2026;35;36;-1;36;PIRULO FRUIT JOY 24X65ML;EXTR LM CHESCK 16x110ML;EXTREME NATA N2 16X110ML;
05-2025 -> 05-2026;2866;LORCA;03;MARTIN MANCHON;400987369;RTE.CHINO FU ZAOU CHAOU;9283;000007710;ALIMENTACION FULE;Restaurantes;RESTAURANTES CHINOS;28/02/2012;12/05/2026;4;6;-2;6;MAXIBON CLASIC N5 24X140 ;NUII ALM.JAVA N5 20X90;;
05-2025 -> 05-2026;2866;LORCA;81;ANDRES MARIA CRUZ;401180648;KIOSKO PORTOMAGNO@;30201;000013233;DON ANGEL-PORTOMAGNO;Casetas NESTLE;CASETA/KIOSCO NESTLE (PROPIEDA;28/03/2012;29/04/2026;35;36;-1;36;PIRULO FRUIT JOY 24X65ML;EXTR LM CHESCK 16x110ML;EXTREME NATA N2 16X110ML;
05-2025 -> 05-2026;2866;LORCA;10;EDGAR WIDRIDO GRANDA;401377017;CARNICERIA AL ANDALUS;8423;;;Varios;VARIOS/OTROS NO CLASIFICABLES;31/01/2024;03/03/2026;14;36;-22;36;MDLZ BB MILKA N2 20X90ML;MDLZ BBTOBLERONE N1 20X90;MAXIBON CHSCAKE 24X140ML ;
05-2025 -> 05-2026;2866;LORCA;80;JUAN LUIS GALLEGO ;401180700;TIENDA 24 HORAS;30226;000015235;PKO 24 HORAS;Conveniencia;PASTELERIAS/PANADERIAS/FRUTERI;07/02/2013;12/05/2026;26;30;-4;30;EXTR CRML SALADO 16x110ML;EXTR DOBLE CHON2 16x120ML;PIRULO MANGO 36x70ML;
05-2025 -> 05-2026;2866;LORCA;72;JOSE MIGUEL  ACACIO;401363405;MESON LA BRASA;32316;;;Restaurantes;RESTAURANTES (NO INCLUYE CHINO;01/07/2023;06/05/2026;10;15;-5;15;MDLZ BB MILKA N2 20X90ML;NUII ALMBCO JAVA N2 20X90;CHOCOCLACK N2 24x90ML;
05-2025 -> 05-2026;2866;LORCA;16;FRANCISCO JOSE ASENSIO ;401408010;PIZZERIA VESUVIO;9690;;;Bares y Cafeter¡as;BAR Y CAFETERIA;01/05/2025;23/04/2026;7;14;-7;14;MAXIBON CHSCAKE 24X140ML ;MAXIBON CLASIC N5 24X140 ;MDLZ SNDW OREO 24X110;
05-2025 -> 05-2026;2866;LORCA;72;JOSE MIGUEL  ACACIO;401196612;E.S. LA ALQUERIA 96967;30692;B6345;LOGISTA SA;Conveniencia;ESTACIONES DE SERVICIO / GASOL;01/02/2017;04/10/2025;0;7;-7;7;NUII ALM.JAVA N5 20X90;CHOCOCLACK N2 24x90ML;EXTR DOBLE CHON2 16x120ML;
05-2025 -> 05-2026;2866;LORCA;05;JOSE SANCHEZ;866015013;ESTACION SERV.GUADALENTIN;10416;8660149;DEGESCO, S.L.;Conveniencia;ESTACIONES DE SERVICIO / GASOL;03/05/2004;17/09/2025;0;17;-17;17;MAXIBON CLASIC N5 24X140 ;MDLZ SNDW OREO 24X110;MAXIBON CHSCAKE 24X140ML ;
05-2025 -> 05-2026;2866;LORCA;16;FRANCISCO JOSE ASENSIO ;401361374;RESTAURANTE LA PITA;32401;;;Restaurantes;RESTAURANTES (NO INCLUYE CHINO;01/06/2023;12/05/2026;0;11;-11;11;EXTREME NATA N2 16X110ML;PIR FANTASMIKOS N5 18X75;PIRULO SANDIA N4 36x73ML;
05-2025 -> 05-2026;2866;LORCA;33;DOMINGO GINER ;401325621;ALIMENTACION MULTIPRECIO;8259;;;Conveniencia;TIENDA DE ALIMENTACION ETNICA ;01/02/2022;11/04/2026;25;27;-2;27;CONO KIT KAT N5 16x110ML;PIRULO MANGO 36x70ML;NUII TEXPECAN N1 20X90;
05-2025 -> 05-2026;2866;LORCA;81;ANDRES MARIA CRUZ;401308773;BAR PASEO DEL GOLF;32110;;;Bares y Cafeter¡as;BAR Y CAFETERIA;05/04/2021;12/05/2026;1;6;-5;6;NUII ALM.JAVA N5 20X90;EXTR FRESA NA N3 16X120ML;EXTR VAINILLA N4 16x120ML;
05-2025 -> 05-2026;2866;LORCA;05;JOSE SANCHEZ;401123917;EL CINE BAR;7288;;;Bares y Cafeter¡as;BAR Y CAFETERIA;09/04/2015;25/02/2026;0;14;-14;14;MAXIBON CLASIC N5 24X140 ;MDLZ SNDW OREO 24X110;MAXIBON WAFFLE N2 24X140;
05-2025 -> 05-2026;2866;LORCA;02;BARTOLO .;866011509;BAR CASINO;10176;;;Bares y Cafeter¡as;BAR Y CAFETERIA;24/01/2006;21/04/2026;0;7;-7;7;MDLZ SNDW OREO 24X110;CHOCOCLACK N2 24x90ML;MAXIBON CHSCAKE 24X140ML ;
05-2025 -> 05-2026;2866;LORCA;05;JOSE SANCHEZ;866012600;BAR LA PARRA;2600;8660147;EL BERRO;Restaurantes;RESTAURANTES (NO INCLUYE CHINO;16/08/1998;19/08/2025;0;9;-9;9;EXTR DOBLE CHON2 16x120ML;EXTR CRML SALADO 16x110ML;MAXIBON COOKIE N5 24x150;
05-2025 -> 05-2026;2866;LORCA;93;MARI CARMEN PREVENTA;401248659;POMODORO INDALO;31786;000003020;GRUPO VIVAS;Bares y Cafeter¡as;BAR Y CAFETERIA;08/10/2018;27/03/2025;0;4;-4;4;MAXIBON CLASIC N5 24X140 ;MDLZ SNDW OREO 24X110;PIR FANTASMIKOS N5 18X75;
05-2025 -> 05-2026;2866;LORCA;16;FRANCISCO JOSE ASENSIO ;401307730;BAR HELADERIA MIRADOR;32096;;;Bares y Cafeter¡as;BAR Y CAFETERIA;19/03/2021;30/04/2026;35;36;-1;36;PIRULO FRUIT JOY 24X65ML;EXTR LM CHESCK 16x110ML;EXTREME NATA N2 16X110ML;
05-2025 -> 05-2026;2866;LORCA;16;FRANCISCO JOSE ASENSIO ;866016301;CAFETERIA BAR LUCERO;8539;;;Restaurantes;RESTAURANTES (NO INCLUYE CHINO;28/11/2006;06/05/2026;0;16;-16;16;MDLZ BBTOBLERONE N1 20X90;MAXIBON CHSCAKE 24X140ML ;MAXIBON COOKIE N5 24x150;
05-2025 -> 05-2026;2866;LORCA;10;EDGAR WIDRIDO GRANDA;401404223;CARNICERIA FRUTERIA ATLAS;9651;;;Varios;VARIOS/OTROS NO CLASIFICABLES;01/04/2025;10/04/2025;0;36;-36;36;MDLZ BB MILKA N2 20X90ML;MDLZ BBTOBLERONE N1 20X90;MAXIBON CHSCAKE 24X140ML ;
05-2025 -> 05-2026;2866;LORCA;35;RAUL MARTINEZ ;401327317;EL PUCHERO;8843;;;Bares y Cafeter¡as;BAR Y CAFETERIA;01/03/2022;29/04/2026;22;27;-5;27;MAXIBON CLASIC N5 24X140 ;MAXIBON WAFFLE N2 24X140;PIR COOL FRESA N3 24X99ML;
05-2025 -> 05-2026;2866;LORCA;02;BARTOLO .;401314874;HONGYINN QI;9524;;;Restaurantes;RESTAURANTES (NO INCLUYE CHINO;01/06/2021;04/04/2026;28;29;-1;29;CONO KIT KAT N5 16x110ML;MAXIBON WAFFLE N2 24X140;PIRULO MANGO 36x70ML;
05-2025 -> 05-2026;2866;LORCA;16;FRANCISCO JOSE ASENSIO ;400828470;RESTAURANTE EL PEREJIL;9041;;;Restaurantes;RESTAURANTES (NO INCLUYE CHINO;27/02/2009;13/05/2026;31;36;-5;36;PIRULO SANDIA N4 36x73ML;MAXIBON CHSCAKE 24X140ML ;MDLZ OREO BTOP N1 20x100;
05-2025 -> 05-2026;2866;LORCA;73;JOSE MIGUEL ANDUJAR;401180640;CAFETERIA HORTENSIA;31939;;;Bares y Cafeter¡as;BAR Y CAFETERIA;15/03/2012;07/05/2026;19;23;-4;23;MDLZ BBTOBLERONE N1 20X90;NUII TEXPECAN N1 20X90;MDLZ OREO BTOP N1 20x100;
05-2025 -> 05-2026;2866;LORCA;73;JOSE MIGUEL ANDUJAR;401238851;CASH ALMERIA 7 DIAS;31018;;;Hogar;SUPERMERCADOS CON 2 O MAS CAJA;08/05/2018;10/04/2026;22;24;-2;24;MAXIBON COOKIE N5 24x150;MAXIBON WAFFLE N2 24X140;PIRULO MANGO 36x70ML;
05-2025 -> 05-2026;2866;LORCA;03;MARTIN MANCHON;401265512;CAFETERIA HELADERIA OCEAN;9105;000009250;FELIPA;Bares y Cafeter¡as;BAR Y CAFETERIA;01/04/2019;28/04/2026;17;36;-19;36;MDLZ BB MILKA N2 20X90ML;MAXIBON CHSCAKE 24X140ML ;MAXIBON COOKIE N5 24x150;
05-2025 -> 05-2026;2866;LORCA;03;MARTIN MANCHON;401206241;PAN Y ALIMENTACION DIEGO;8013;;;Conveniencia;PASTELERIAS/PANADERIAS/FRUTERI;09/05/2017;13/08/2025;0;12;-12;12;MAXIBON CHSCAKE 24X140ML ;MAXIBON CLASIC N5 24X140 ;MDLZ SNDW OREO 24X110;
05-2025 -> 05-2026;2866;LORCA;72;JOSE MIGUEL  ACACIO;401310970;SUMA PUENTE DEL RIO 65981;39537;B6604;TRANSGOURMET IBER FRANQ;Hogar;SUPERMERCADOS CON 2 O MAS CAJA;29/04/2021;21/08/2025;0;15;-15;15;MDLZ BBTOBLERONE N1 20X90;MAXIBON CHSCAKE 24X140ML ;MAXIBON CLASIC N5 24X140 ;
05-2025 -> 05-2026;2866;LORCA;99;DISTRIBUIDOR LORCA "A";401288033;CONGECAR;2040;;;Varios;VARIOS/OTROS NO CLASIFICABLES;24/02/2020;17/04/2026;4;5;-1;5;MAXIBON CHSCAKE 24X140ML ;MDLZ MNBITCUP OREO 12x105;MAXIBON CLASIC N5 24X140 ;
05-2025 -> 05-2026;2866;LORCA;16;FRANCISCO JOSE ASENSIO ;401288638;BAR EL TIMON;31937;;;Bares y Cafeter¡as;BAR Y CAFETERIA;09/03/2020;05/05/2026;6;8;-2;8;NUII ALM.JAVA N5 20X90;NUII NA CH.NEG N2 20x90;EXTR LM CHESCK 16x110ML;
05-2025 -> 05-2026;2866;LORCA;02;BARTOLO .;401401059;DONER KEBAD PUENTE ALBERC;9842;;;Bares y Cafeter¡as;BAR Y CAFETERIA;01/03/2025;10/09/2025;0;22;-22;22;PIRULO TROPICALN1 20x70ml;EXTR DOBLE CHON2 16x120ML;MDLZ MNBITCUP OREO 12x105;
05-2025 -> 05-2026;2866;LORCA;93;MARI CARMEN PREVENTA;401180224;KARTING ROQUETAS;30160;;;Ocio;PARQUE DE ATRACCIONES/PARQUES ;10/06/1999;11/05/2026;6;7;-1;7;EXTR DOBLE CHON2 16x120ML;;;
05-2025 -> 05-2026;2866;LORCA;35;RAUL MARTINEZ ;401402836;HELADERIA ANYAN;9655;;;Ocio;HELADERIAS/HORCHATERIAS;01/03/2025;08/05/2026;16;36;-20;36;MDLZ BB MILKA N2 20X90ML;MDLZ BBTOBLERONE N1 20X90;MAXIBON WAFFLE N2 24X140;
05-2025 -> 05-2026;2866;LORCA;83;JOSE ANTONIO SOLER;401180520;PIZZERIA SINGAPUR III@;30978;000013227;PIZZERIAS SINGAPUR@;Restaurantes;RESTAURANTES (NO INCLUYE CHINO;18/02/2010;13/05/2026;9;11;-2;11;NUII NA CH.NEG N2 20x90;MAXIBON CLASIC N5 24X140 ;NUII ALMBCO JAVA N2 20X90;
05-2025 -> 05-2026;2866;LORCA;33;DOMINGO GINER ;401263801;HELADERIA ARIAS.COM;8512;;;Ocio;HELADERIAS/HORCHATERIAS;18/03/2019;29/04/2026;35;36;-1;36;PIRULO FRUIT JOY 24X65ML;EXTR LM CHESCK 16x110ML;EXTREME NATA N2 16X110ML;
05-2025 -> 05-2026;2866;LORCA;81;ANDRES MARIA CRUZ;401180708;CHIRINGUITO EL ANCLA@;30228;;;Ocio;CHIRINGUITOS DE PLAYA/MERENDER;21/02/2013;28/04/2026;3;10;-7;10;MDLZ SNDW OREO 24X110;CONO KIT KAT N5 16x110ML;PIRL MIKOLAPIZ N4 20x88ML;
05-2025 -> 05-2026;2866;LORCA;72;JOSE MIGUEL  ACACIO;401180479;ASADOR DE POLLOS ANA;30095;;;Conveniencia;COMIDA PREPARADA/ASADORES DE P;16/03/2009;30/04/2026;6;8;-2;8;MAXIBON CHSCAKE 24X140ML ;NUII ALM.JAVA N5 20X90;PIRL MIKOLAPIZ N4 20x88ML;
05-2025 -> 05-2026;2866;LORCA;02;BARTOLO .;401403327;ALIMENTACION LIN;7278;;;Conveniencia;TIENDA DE ALIMENTACION ETNICA ;01/04/2025;02/04/2025;0;5;-5;5;PIR FANTASMIKOS N5 18X75;PIRULO SANDIA N4 36x73ML;EXTR CRML SALADO 16x110ML;
05-2025 -> 05-2026;2866;LORCA;05;JOSE SANCHEZ;401363147;AREA DE SERVICIO AGETRANS;8940;;;Varios;VARIOS/OTROS NO CLASIFICABLES;01/07/2023;12/05/2026;17;28;-11;28;MAXIBON WAFFLE N2 24X140;NUII CRM AUSTRAL.N4 20X90;NUII ALM.JAVA N5 20X90;
05-2025 -> 05-2026;2866;LORCA;72;JOSE MIGUEL  ACACIO;401180359;PUERTAS BAR;32746;;;Bares y Cafeter¡as;BAR Y CAFETERIA;16/03/2006;05/05/2026;18;21;-3;21;MAXIBON CHSCAKE 24X140ML ;MAXIBON CLASIC N5 24X140 ;MAXIBON COOKIE N5 24x150;
05-2025 -> 05-2026;2866;LORCA;33;DOMINGO GINER ;401261409;SUPERMERCADO PEPE;9221;;;Hogar;SUPERMERCADOS CON 2 O MAS CAJA;18/02/2019;02/05/2026;23;24;-1;24;MAXIBON CHSCAKE 24X140ML ;MAXIBON WAFFLE N2 24X140;PIRULO MANGO 36x70ML;
05-2025 -> 05-2026;2866;LORCA;92;MARIA PREVENTA MARIA;401354037;ESAL MOJACAR-PARAJE LOS G;39545;B6819;CARREFOUR EXPRESS;Conveniencia;TIENDA DE ALIMENTACION ETNICA ;01/04/2023;03/04/2025;0;8;-8;8;MDLZ BB MILKA N2 20X90ML;MAXIBON CLASIC N5 24X140 ;MAXIBON COOKIE N5 24x150;
05-2025 -> 05-2026;2866;LORCA;81;ANDRES MARIA CRUZ;401180282;TIENDA ENIX;30625;;;Conveniencia;PASTELERIAS/PANADERIAS/FRUTERI;01/07/2002;13/08/2025;0;6;-6;6;PIRULO SANDIA N4 36x73ML;NUII CRM AUSTRAL.N4 20X90;PIR COOL FRESA N3 24X99ML;
05-2025 -> 05-2026;2866;LORCA;10;EDGAR WIDRIDO GRANDA;401378010;SUPERMERCADO ENNACIRI;8364;;;Hogar;SUPERMERCADOS CON 2 O MAS CAJA;01/03/2024;04/04/2025;0;26;-26;26;MDLZ BBTOBLERONE N1 20X90;MAXIBON CHSCAKE 24X140ML ;MAXIBON CLASIC N5 24X140 ;
05-2025 -> 05-2026;2866;LORCA;80;JUAN LUIS GALLEGO ;401180554;ACEBUCHE IMPULSO;30140;B6709;TRABAJO PENITENCIARIO Y FORMACION;Colectividades;CENTROS PENITENCIARIOS/EDUCATI;14/07/2010;11/09/2025;0;7;-7;7;CHOCOCLACK N2 24x90ML;NUII CRM AUSTRAL.N4 20X90;NUII ALM.JAVA N5 20X90;
05-2025 -> 05-2026;2866;LORCA;33;DOMINGO GINER ;401261982;CERVECERIA ANGEL;9233;;;Bares y Cafeter¡as;BAR Y CAFETERIA;25/02/2019;02/04/2026;2;4;-2;4;EXTR DOBLE CHON2 16x120ML;PIR FANTASMIKOS N5 18X75;;
05-2025 -> 05-2026;2866;LORCA;72;JOSE MIGUEL  ACACIO;401180278;BOGAS LOCUTORIO;30621;;;Impulso Tradicional;LIBRERIAS/PAPELERIAS/VIDEO CLU;13/05/2004;25/04/2026;35;36;-1;36;PIRULO FRUIT JOY 24X65ML;EXTR LM CHESCK 16x110ML;EXTREME NATA N2 16X110ML;
05-2025 -> 05-2026;2866;LORCA;72;JOSE MIGUEL  ACACIO;401198136;LA TAPERIA;32745;;;Restaurantes;RESTAURANTES (NO INCLUYE CHINO;01/03/2017;01/04/2025;0;29;-29;29;MAXIBON CHSCAKE 24X140ML ;MAXIBON CLASIC N5 24X140 ;MAXIBON COOKIE N5 24x150;
05-2025 -> 05-2026;2866;LORCA;73;JOSE MIGUEL ANDUJAR;401200015;RESTAURANTE MAGAN;30733;;;Restaurantes;RESTAURANTES (NO INCLUYE CHINO;20/03/2017;06/05/2026;4;6;-2;6;MAXIBON CLASIC N5 24X140 ;EXTR FRESA NA N3 16X120ML;SMARTIES PUSHUP 20x85MLN7;
05-2025 -> 05-2026;2866;LORCA;81;ANDRES MARIA CRUZ;401180654;KIOSCO ROGELIO;30204;;;Casetas NESTLE;CASETA/KIOSCO NESTLE (PROPIEDA;14/04/2012;20/10/2025;0;36;-36;36;MDLZ BB MILKA N2 20X90ML;MDLZ BBTOBLERONE N1 20X90;MAXIBON CHSCAKE 24X140ML ;
05-2025 -> 05-2026;2866;LORCA;72;JOSE MIGUEL  ACACIO;401383854;ASADOR GUMPOLLOS;32558;;;Conveniencia;COMIDA PREPARADA/ASADORES DE P;01/04/2024;23/07/2025;0;9;-9;9;MAXIBON CHSCAKE 24X140ML ;MDLZ SNDW OREO 24X110;PIRULO SANDIA N4 36x73ML;
05-2025 -> 05-2026;2866;LORCA;81;ANDRES MARIA CRUZ;401180701;TIENDA PASEO LOS BA¥OS;31825;;;Conveniencia;TIENDA DE ALIMENTACION ETNICA ;11/02/2013;12/05/2026;0;21;-21;21;MAXIBON CHSCAKE 24X140ML ;MAXIBON CLASIC N5 24X140 ;PIR FANTASMIKOS N5 18X75;
05-2025 -> 05-2026;2866;LORCA;13;JOAQUIN GARCIA;401122539;SUPER POLARIS WORLD 813;6440;;;Hogar;SUPERMERCADOS CON 2 O MAS CAJA;28/03/2015;02/05/2026;35;36;-1;36;PIRULO FRUIT JOY 24X65ML;EXTR LM CHESCK 16x110ML;EXTREME NATA N2 16X110ML;
05-2025 -> 05-2026;2866;LORCA;81;ANDRES MARIA CRUZ;401392856;24 HOTSD KOKI 2;35058;000018691;24 HORAS KOKI;Conveniencia;TIENDA DE ALIMENTACION ETNICA ;01/10/2024;05/05/2026;15;18;-3;18;MAXIBON CHSCAKE 24X140ML ;EXTR DOBLE CHON2 16x120ML;MDLZ SNDW OREO 24X110;
05-2025 -> 05-2026;2866;LORCA;73;JOSE MIGUEL ANDUJAR;401180238;ANTARTIDA HELADERIA;30588;000013241;PUERTAS PUERTAS;Ocio;HELADERIAS/HORCHATERIAS;15/09/2000;08/05/2026;0;24;-24;24;PIRULO SANDIA N4 36x73ML;SMARTIES PUSHUP 20x85MLN7;PIR FANTASMIKOS N5 18X75;
05-2025 -> 05-2026;2866;LORCA;93;MARI CARMEN PREVENTA;401367714;E.S.REPSOL;32127;;;Conveniencia;ESTACIONES DE SERVICIO / GASOL;01/12/2023;07/05/2026;35;36;-1;36;EXTR LM CHESCK 16x110ML;EXTREME NATA N2 16X110ML;PIRULO FRUIT JOY 24X65ML;
05-2025 -> 05-2026;2866;LORCA;16;FRANCISCO JOSE ASENSIO ;400821423;KARTING GARRUCHA;8446;;;Bares y Cafeter¡as;BAR Y CAFETERIA;19/12/2008;28/03/2026;14;26;-12;26;MAXIBON CHSCAKE 24X140ML ;MAXIBON CLASIC N5 24X140 ;MAXIBON WAFFLE N2 24X140;
05-2025 -> 05-2026;2866;LORCA;16;FRANCISCO JOSE ASENSIO ;401296438;BAR VALERO;9551;;;Bares y Cafeter¡as;BAR Y CAFETERIA;01/07/2020;17/04/2026;14;26;-12;26;MAXIBON CHSCAKE 24X140ML ;MAXIBON COOKIE N5 24x150;MAXIBON WAFFLE N2 24X140;
05-2025 -> 05-2026;2866;LORCA;93;MARI CARMEN PREVENTA;401236320;HOTEL MOJACAR PLAYA ACUAP;30993;B6505;GRUPO HOTELES PLAYA, S.L.;Hoteles y Hostales;HOTELES Y HOSTALES;16/04/2018;17/09/2025;0;25;-25;25;MDLZ SNDW OREO 24X110;MAXIBON CLASIC N5 24X140 ;PIRULO SANDIA N4 36x73ML;
05-2025 -> 05-2026;2866;LORCA;72;JOSE MIGUEL  ACACIO;401180357;MAIZ TOASTED CHUCHERIAS;30016;;;Impulso Tradicional;TIENDAS DE CHUCHERIAS/FRUTOS S;14/03/2006;07/05/2026;24;29;-5;29;PIRULO SANDIA N4 36x73ML;CONO KIT KAT N5 16x110ML;MDLZ OREO BTOP N1 20x100;
05-2025 -> 05-2026;2866;LORCA;72;JOSE MIGUEL  ACACIO;401349459;EL BALNEARIO;30268;;;Bares y Cafeter¡as;BAR Y CAFETERIA;01/03/2023;05/07/2025;0;7;-7;7;MAXIBON CHSCAKE 24X140ML ;MAXIBON CLASIC N5 24X140 ;MAXIBON COOKIE N5 24x150;
05-2025 -> 05-2026;2866;LORCA;02;BARTOLO .;401363453;HAO HAO BAZAR ALIMENTACIO;8371;;;Conveniencia;TIENDA DE ALIMENTACION ETNICA ;17/07/2023;25/04/2026;8;21;-13;21;EXTREME NATA N2 16X110ML;MDLZ MNBITCUP OREO 12x105;PIRL MIKOLAPIZ N4 20x88ML;
05-2025 -> 05-2026;2866;LORCA;10;EDGAR WIDRIDO GRANDA;401408078;BAR RELAX;9104;;;Bares y Cafeter¡as;BAR Y CAFETERIA;01/05/2025;27/05/2025;0;12;-12;12;MAXIBON CHSCAKE 24X140ML ;MAXIBON CLASIC N5 24X140 ;MDLZ SNDW OREO 24X110;
05-2025 -> 05-2026;2866;LORCA;16;FRANCISCO JOSE ASENSIO ;400925039;CAFE PUB LA COLONIAL;4581;;;Bares y Cafeter¡as;BAR Y CAFETERIA;12/05/2010;08/05/2026;7;8;-1;8;MAXIBON COOKIE N5 24x150;MDLZ SNDW OREO 24X110;NUII TEXPECAN N1 20X90;
05-2025 -> 05-2026;2866;LORCA;81;ANDRES MARIA CRUZ;401402236;TERRAZA BAR ALSODUX;32823;;;Bares y Cafeter¡as;BAR Y CAFETERIA;01/03/2025;05/03/2026;4;23;-19;23;MDLZ SNDW OREO 24X110;NUII CRM AUSTRAL.N4 20X90;CHOCOCLACK N2 24x90ML;
05-2025 -> 05-2026;2866;LORCA;02;BARTOLO .;401381433;EL CHIRINGUITO MARIA;8452;000018356;CHIRINGUITO VELEZ BLANCO/;Ocio;CHIRINGUITOS DE PLAYA/MERENDER;01/04/2024;08/05/2026;35;36;-1;36;PIRULO FRUIT JOY 24X65ML;EXTR LM CHESCK 16x110ML;EXTREME NATA N2 16X110ML;
05-2025 -> 05-2026;2866;LORCA;02;BARTOLO .;401377722;CANDY SHOP;8569;;;Impulso Tradicional;TIENDAS DE CHUCHERIAS/FRUTOS S;01/02/2024;19/02/2026;18;20;-2;20;PIRULO TROPICALN1 20x70ml;MAXIBON CHSCAKE 24X140ML ;PIRULO MANGO 36x70ML;
05-2025 -> 05-2026;2866;LORCA;81;ANDRES MARIA CRUZ;401180595;CAFETERIA EDM;30168;;;Bares y Cafeter¡as;BAR Y CAFETERIA;23/05/2011;09/07/2025;0;5;-5;5;BOKA ZAS NATA N4 24x100ML;EXTR FRESA NA N3 16X120ML;EXTR CRML SALADO 16x110ML;
05-2025 -> 05-2026;2866;LORCA;72;JOSE MIGUEL  ACACIO;401316179;CHIRINGUITO PUERTO;32811;000016516;MUELLE-13;Ocio;CHIRINGUITOS DE PLAYA/MERENDER;23/06/2021;06/05/2026;8;9;-1;9;SMARTIES PUSHUP 20x85MLN7;MAXIBON COOKIE N5 24x150;MDLZ SNDW OREO 24X110;
05-2025 -> 05-2026;2866;LORCA;02;BARTOLO .;401307916;ALIMENTACION EL BUEN PREC;8231;;;Conveniencia;TIENDA DE ALIMENTACION ETNICA ;22/03/2021;04/04/2026;12;13;-1;13;MAXIBON CLASIC N5 24X140 ;MAXIBON CHSCAKE 24X140ML ;MDLZ OREO BTOP N1 20x100;
05-2025 -> 05-2026;2866;LORCA;05;JOSE SANCHEZ;866014229;LA PERDIZ CASA FORESTAL;4229;8660147;EL BERRO;Restaurantes;RESTAURANTES (NO INCLUYE CHINO;01/01/1998;08/05/2026;20;26;-6;26;EXTREME NATA N2 16X110ML;MDLZ BBTOBLERONE N1 20X90;MAXIBON CHSCAKE 24X140ML ;
05-2025 -> 05-2026;2866;LORCA;02;BARTOLO .;401351406;CLUB DE TENIS LOS ALAMOS;8494;;;Bares y Cafeter¡as;BAR Y CAFETERIA;01/03/2023;17/04/2026;25;27;-2;27;PIR COOL FRESA N3 24X99ML;MAXIBON WAFFLE N2 24X140;PIRULO MANGO 36x70ML;
05-2025 -> 05-2026;2866;LORCA;02;BARTOLO .;401080515;E.S. LA CAMPANA;9660;8660194;ESTACION DE SERV.MUNUERA;Conveniencia;ESTACIONES DE SERVICIO / GASOL;11/04/2014;02/05/2025;0;21;-21;21;CHOCOCLACK N2 24x90ML;BOKA ZAS NATA N4 24x100ML;EXTR FRESA NA N3 16X120ML;
05-2025 -> 05-2026;2866;LORCA;35;RAUL MARTINEZ ;401201757;ALIMENTACION SU;9249;000019173;ALIMENTACION SU;Conveniencia;TIENDA DE ALIMENTACION ETNICA ;03/04/2017;13/05/2026;29;30;-1;30;MDLZ MNBITCUP OREO 12x105;MAXIBON WAFFLE N2 24X140;NUII TEXPECAN N1 20X90;
05-2025 -> 05-2026;2866;LORCA;81;ANDRES MARIA CRUZ;401403956;E.S. SAN ISIDRO 12567;30653;000000282;CAMPSA-REPS-PETRON-ABANDE;Conveniencia;ESTACIONES DE SERVICIO / GASOL;01/04/2025;25/10/2025;0;22;-22;22;MAXIBON CHSCAKE 24X140ML ;MAXIBON CLASIC N5 24X140 ;MDLZ SNDW OREO 24X110;
05-2025 -> 05-2026;2866;LORCA;10;EDGAR WIDRIDO GRANDA;401403957;ARTESANOS DE PULPI;6063;;;Bares y Cafeter¡as;BAR Y CAFETERIA;01/04/2025;09/04/2025;0;36;-36;36;MDLZ BB MILKA N2 20X90ML;MDLZ BBTOBLERONE N1 20X90;MAXIBON CHSCAKE 24X140ML ;
05-2025 -> 05-2026;2866;LORCA;16;FRANCISCO JOSE ASENSIO ;866016337;BAR EL GATO;6337;;;Bares y Cafeter¡as;BAR Y CAFETERIA;12/12/2006;08/05/2026;16;17;-1;17;MAXIBON CHSCAKE 24X140ML ;NUII TEXPECAN N1 20X90;EXTR VAINILLA N4 16x120ML;
05-2025 -> 05-2026;2866;LORCA;03;MARTIN MANCHON;866010522;SUPERMERCADO PEPA;8031;8660159;MESON PEPA Y GALDEANO, S.;Hogar;SUPERMERCADOS CON 2 O MAS CAJA;22/03/2000;13/05/2026;30;36;-6;36;PIRULO MANGO 36x70ML;PIRULO FRUIT JOY 24X65ML;MAXIBON WAFFLE N2 24X140;
05-2025 -> 05-2026;2866;LORCA;80;JUAN LUIS GALLEGO ;401263661;BAR EL TONEL;32414;000017417;BAR EL TONEL;Bares y Cafeter¡as;BAR Y CAFETERIA;18/03/2019;05/09/2025;0;19;-19;19;MDLZ BB MILKA N2 20X90ML;MAXIBON CHSCAKE 24X140ML ;MAXIBON CLASIC N5 24X140 ;
05-2025 -> 05-2026;2866;LORCA;35;RAUL MARTINEZ ;401402015;BAR COLON;9649;;;Bares y Cafeter¡as;BAR Y CAFETERIA;01/03/2025;03/09/2025;0;16;-16;16;PIR FANTASMIKOS N5 18X75;PIRULO SANDIA N4 36x73ML;PIRULO MANGO 36x70ML;
05-2025 -> 05-2026;2866;LORCA;16;FRANCISCO JOSE ASENSIO ;401350698;BAR RESTAURANTE LA HOYA;30736;;;Bares y Cafeter¡as;BAR Y CAFETERIA;01/03/2023;07/05/2026;20;26;-6;26;SMARTIES PUSHUP 20x85MLN7;MAXIBON CHSCAKE 24X140ML ;MAXIBON COOKIE N5 24x150;
05-2025 -> 05-2026;2866;LORCA;81;ANDRES MARIA CRUZ;401405425;CENTRO 3¦ EDAD PADULES;35073;000019328;PISCINA PADULES;Varios;VARIOS/OTROS NO CLASIFICABLES;01/04/2025;22/05/2025;0;10;-10;10;MAXIBON COOKIE N5 24x150;CHOCOCLACK N2 24x90ML;EXTR DOBLE CHON2 16x120ML;
05-2025 -> 05-2026;2866;LORCA;16;FRANCISCO JOSE ASENSIO ;401408301;CHIRINGUITO RINCON DEL PT;30463;;;Ocio;CHIRINGUITOS DE PLAYA/MERENDER;01/05/2025;29/08/2025;0;24;-24;24;MDLZ BB MILKA N2 20X90ML;MDLZ BBTOBLERONE N1 20X90;MAXIBON CHSCAKE 24X140ML ;
05-2025 -> 05-2026;2866;LORCA;03;MARTIN MANCHON;866011106;MESON PEPA;7939;8660159;MESON PEPA Y GALDEANO, S.;Restaurantes;RESTAURANTES (NO INCLUYE CHINO;01/01/1998;13/05/2026;35;36;-1;36;EXTR LM CHESCK 16x110ML;PIRULO FRUIT JOY 24X65ML;EXTREME NATA N2 16X110ML;
05-2025 -> 05-2026;2866;LORCA;02;BARTOLO .;866011186;EST.SERVICIO CIUDAD SOL;1186;000010351;ANDAMUR;Conveniencia;ESTACIONES DE SERVICIO / GASOL;30/05/2001;29/04/2026;13;15;-2;15;MDLZ BB MILKA N2 20X90ML;MAXIBON CLASIC N5 24X140 ;MDLZ OREO BTOP N1 20x100;
05-2025 -> 05-2026;2866;LORCA;10;EDGAR WIDRIDO GRANDA;401406265;RESTAURANTE LA GASOLINERA;9625;;;Restaurantes;RESTAURANTES (NO INCLUYE CHINO;01/05/2025;24/10/2025;0;26;-26;26;MDLZ BBTOBLERONE N1 20X90;MAXIBON CHSCAKE 24X140ML ;MAXIBON CLASIC N5 24X140 ;
05-2025 -> 05-2026;2866;LORCA;72;JOSE MIGUEL  ACACIO;401355186;RINCON DE PAQUI;32582;;;Conveniencia;TIENDA DE ALIMENTACION ETNICA ;01/04/2023;07/05/2026;5;9;-4;9;MAXIBON CHSCAKE 24X140ML ;MAXIBON CLASIC N5 24X140 ;MAXIBON COOKIE N5 24x150;
05-2025 -> 05-2026;2866;LORCA;72;JOSE MIGUEL  ACACIO;401348196;ENDULZATE;32501;000017996;ENDULZATE;Conveniencia;PASTELERIAS/PANADERIAS/FRUTERI;01/02/2023;22/04/2026;20;21;-1;21;MAXIBON CHSCAKE 24X140ML ;PIRULO MANGO 36x70ML;NUII TEXPECAN N1 20X90;
05-2025 -> 05-2026;2866;LORCA;81;ANDRES MARIA CRUZ;401266544;CRCA VILLA AFRICA, S.L.;31889;;;Ocio;CHIRINGUITOS DE PLAYA/MERENDER;08/04/2019;13/05/2026;18;21;-3;21;NUII CRM AUSTRAL.N4 20X90;NUII TEXPECAN N1 20X90;EXTR FRESA NA N3 16X120ML;
05-2025 -> 05-2026;2866;LORCA;72;JOSE MIGUEL  ACACIO;401206260;MUELLE-13;31159;000016516;MUELLE-13;Restaurantes;RESTAURANTES (NO INCLUYE CHINO;10/05/2017;09/05/2026;35;36;-1;36;PIRULO FRUIT JOY 24X65ML;EXTR LM CHESCK 16x110ML;EXTREME NATA N2 16X110ML;
05-2025 -> 05-2026;2866;LORCA;81;ANDRES MARIA CRUZ;401210141;ACUARION ROQUETAS;30822;B6505;GRUPO HOTELES PLAYA, S.L.;Bares y Cafeter¡as;BAR Y CAFETERIA;01/06/2017;27/08/2025;0;7;-7;7;MAXIBON CLASIC N5 24X140 ;MDLZ SNDW OREO 24X110;MDLZ OREO BTOP N1 20x100;
05-2025 -> 05-2026;2866;LORCA;33;DOMINGO GINER ;401287876;BAR FREIDURIA LA FAROLA;9162;;;Bares y Cafeter¡as;BAR Y CAFETERIA;24/02/2020;12/05/2026;11;17;-6;17;PIRL COOL LIMON N3 24X99;MAXIBON CHSCAKE 24X140ML ;NUII TEXPECAN N1 20X90;
05-2025 -> 05-2026;2866;LORCA;16;FRANCISCO JOSE ASENSIO ;401400151;KIOSCO LA ISLETA;32768;;;Impulso Tradicional;KIOSCO FIJO (NO PROPIEDAD NEST;01/02/2025;28/04/2026;35;36;-1;36;PIRULO FRUIT JOY 24X65ML;EXTR LM CHESCK 16x110ML;EXTREME NATA N2 16X110ML;
05-2025 -> 05-2026;2866;LORCA;03;MARTIN MANCHON;400970568;RECEPCION TIENDA CAMPING;2123;000003793;LA TASCA;Ocio;CAMPING/PISCINAS/POLIDEPORTIVO;27/07/2011;07/04/2026;15;27;-12;27;CHOCOCLACK N2 24x90ML;MDLZ BBTOBLERONE N1 20X90;MAXIBON CHSCAKE 24X140ML ;
05-2025 -> 05-2026;2866;LORCA;81;ANDRES MARIA CRUZ;401180626;HELADERIA VENECIA;30187;;;Ocio;HELADERIAS/HORCHATERIAS;25/02/2012;29/04/2026;24;26;-2;26;MAXIBON WAFFLE N2 24X140;PIRULO MANGO 36x70ML;NUII CRM AUSTRAL.N4 20X90;
05-2025 -> 05-2026;2866;LORCA;33;DOMINGO GINER ;401383698;CENTRO SOCIAL PASTRANA;8432;;;Bares y Cafeter¡as;BAR Y CAFETERIA;01/04/2024;23/10/2025;0;9;-9;9;NUII ALM.JAVA N5 20X90;EXTR DOBLE CHON2 16x120ML;CHOCOCLACK N2 24x90ML;
05-2025 -> 05-2026;2866;LORCA;10;EDGAR WIDRIDO GRANDA;401384952;RESTARUANTE EL PASO;8554;;;Bares y Cafeter¡as;BAR Y CAFETERIA;01/05/2024;13/08/2025;0;16;-16;16;MAXIBON CLASIC N5 24X140 ;PIRULO SANDIA N4 36x73ML;NUII NA CH.NEG N2 20x90;
05-2025 -> 05-2026;2866;LORCA;73;JOSE MIGUEL ANDUJAR;401361226;E.S. LA TORRE;32628;;;Conveniencia;ESTACIONES DE SERVICIO / GASOL;01/06/2023;17/04/2026;8;9;-1;9;MAXIBON COOKIE N5 24x150;NUII ALM.JAVA N5 20X90;CHOCOCLACK N2 24x90ML;
05-2025 -> 05-2026;2866;LORCA;05;JOSE SANCHEZ;401331425;BAR FUENTES;8077;;;Bares y Cafeter¡as;BAR Y CAFETERIA;01/05/2022;30/03/2026;18;22;-4;22;NUII TEXPECAN N1 20X90;MAXIBON CHSCAKE 24X140ML ;PIRULO MANGO 36x70ML;
05-2025 -> 05-2026;2866;LORCA;10;EDGAR WIDRIDO GRANDA;401351482;FRUTERIA PUERTO LUMBRERAS;8892;;;Bares y Cafeter¡as;BAR Y CAFETERIA;01/03/2023;13/06/2025;0;6;-6;6;MAXIBON CLASIC N5 24X140 ;MDLZ SNDW OREO 24X110;PIRULO MANGO 36x70ML;
05-2025 -> 05-2026;2866;LORCA;97;ALMACEN ALMACEN;866012354;SAN FRANCISCO, ASADERO;2354;8660136;PAREDES QUI¥ONERO;Conveniencia;COMIDA PREPARADA/ASADORES DE P;01/01/1998;05/03/2026;3;4;-1;4;NUII ALM.JAVA N5 20X90;CHOCOCLACK N2 24x90ML;;
05-2025 -> 05-2026;2866;LORCA;03;MARTIN MANCHON;401232191;TRIFULA RISTORANTE BAR;9355;;;Bares y Cafeter¡as;BAR Y CAFETERIA;01/03/2018;07/03/2026;9;10;-1;10;MDLZ BBTOBLERONE N1 20X90;NUII CRM AUSTRAL.N4 20X90;EXTREME NATA N2 16X110ML;
05-2025 -> 05-2026;2866;LORCA;16;FRANCISCO JOSE ASENSIO ;401025954;SHELL ANTAS;3537;000000734;SHELL PENINSULA ABANDERAD;Conveniencia;ESTACIONES DE SERVICIO / GASOL;21/02/2013;13/05/2026;20;21;-1;21;NUII ALMBCO JAVA N2 20X90;;;
05-2025 -> 05-2026;2866;LORCA;33;DOMINGO GINER ;401261648;RESTAURANTE RINCON ELIAS;9222;;;Restaurantes;RESTAURANTES (NO INCLUYE CHINO;22/02/2019;07/05/2026;24;27;-3;27;NUII TEXPECAN N1 20X90;NUII ALM.JAVA N5 20X90;PIRL COOL LIMON N3 24X99;
05-2025 -> 05-2026;2866;LORCA;02;BARTOLO .;401171004;CHIRINGUITO EL MARINERO;7781;;;Ocio;CHIRINGUITOS DE PLAYA/MERENDER;01/06/2016;08/05/2026;30;32;-2;32;MDLZ OREO BTOP N1 20x100;CONO KIT KAT N5 16x110ML;PIRULO MANGO 36x70ML;
05-2025 -> 05-2026;2866;LORCA;72;JOSE MIGUEL  ACACIO;401379227;E.S.REPSOL 97181 LAS NORI;32692;;;Conveniencia;ESTACIONES DE SERVICIO / GASOL;01/03/2024;12/05/2026;0;18;-18;18;CHOCOCLACK N2 24x90ML;MDLZ BB MILKA N2 20X90ML;MAXIBON CHSCAKE 24X140ML ;
05-2025 -> 05-2026;2866;LORCA;03;MARTIN MANCHON;401117598;BAR LA FRONTERA;8307;;;Bares y Cafeter¡as;BAR Y CAFETERIA;03/02/2015;12/05/2026;25;28;-3;28;MDLZ BB MILKA N2 20X90ML;MDLZ OREO BTOP N1 20x100;NUII ALMBCO JAVA N2 20X90;
05-2025 -> 05-2026;2866;LORCA;33;DOMINGO GINER ;401331765;KIOSCOS AREA CAMPER;8912;000016940;KIOSCO PUEBLO SALAO;Impulso Tradicional;KIOSCO FIJO (NO PROPIEDAD NEST;01/05/2022;19/08/2025;0;25;-25;25;MAXIBON COOKIE N5 24x150;NUII TEXPECAN N1 20X90;EXTR DOBLE CHON2 16x120ML;
05-2025 -> 05-2026;2866;LORCA;80;JUAN LUIS GALLEGO ;401366820;RTE. CLUB NATACION;32347;;;Bares y Cafeter¡as;BAR Y CAFETERIA;06/11/2023;25/04/2026;0;21;-21;21;CONO KIT KAT N5 16x110ML;MAXIBON COOKIE N5 24x150;MDLZ OREO BTOP N1 20x100;
05-2025 -> 05-2026;2866;LORCA;81;ANDRES MARIA CRUZ;401180816;RESTAURANTE ALCAZABA;30283;;;Restaurantes;RESTAURANTES (NO INCLUYE CHINO;20/03/2014;08/05/2026;18;20;-2;20;MAXIBON CHSCAKE 24X140ML ;PIRULO SANDIA N4 36x73ML;PIRULO MANGO 36x70ML;
05-2025 -> 05-2026;2866;LORCA;33;DOMINGO GINER ;401352658;SAL Y ALMAGRE;8673;;;Bares y Cafeter¡as;BAR Y CAFETERIA;01/03/2023;05/09/2025;0;29;-29;29;MDLZ BBTOBLERONE N1 20X90;MAXIBON CHSCAKE 24X140ML ;MAXIBON CLASIC N5 24X140 ;
05-2025 -> 05-2026;2866;LORCA;93;MARI CARMEN PREVENTA;401240213;HOTEL BEST MOJACAR***;39500;B6835;BEST HOTELES;Hoteles y Hostales;HOTELES Y HOSTALES;01/05/2018;25/09/2025;0;18;-18;18;PIRULO FRUIT JOY 24X65ML;MAXIBON COOKIE N5 24x150;MDLZ SNDW OREO 24X110;
05-2025 -> 05-2026;2866;LORCA;81;ANDRES MARIA CRUZ;401180505;CAFE BAR ALMAZARA;32232;;;Bares y Cafeter¡as;BAR Y CAFETERIA;06/07/2009;13/05/2026;9;21;-12;21;MAXIBON COOKIE N5 24x150;EXTR CRML SALADO 16x110ML;MDLZ MNBITCUP OREO 12x105;
05-2025 -> 05-2026;2866;LORCA;81;ANDRES MARIA CRUZ;401180445;PIZZERIA LA DORADA;32677;;;Restaurantes;RESTAURANTES (NO INCLUYE CHINO;12/02/2008;12/05/2026;6;7;-1;7;EXTREME NATA N2 16X110ML;CHOCOCLACK N2 24x90ML;;
05-2025 -> 05-2026;2866;LORCA;81;ANDRES MARIA CRUZ;401181220;DULCE Y SALADO Y MAS;32636;;;Bares y Cafeter¡as;BAR Y CAFETERIA;14/04/2016;26/03/2026;18;23;-5;23;MAXIBON CHSCAKE 24X140ML ;MAXIBON WAFFLE N2 24X140;PIRULO SANDIA N4 36x73ML;
05-2025 -> 05-2026;2866;LORCA;16;FRANCISCO JOSE ASENSIO ;401331901;LA BODEGA;8945;000014647;JN MANAGEMENT;Bares y Cafeter¡as;BAR Y CAFETERIA;01/05/2022;10/04/2025;0;15;-15;15;MAXIBON CHSCAKE 24X140ML ;MAXIBON CLASIC N5 24X140 ;MAXIBON WAFFLE N2 24X140;
05-2025 -> 05-2026;2866;LORCA;16;FRANCISCO JOSE ASENSIO ;401305746;RINCON DEL PUERTO;6539;;;Restaurantes;RESTAURANTES (NO INCLUYE CHINO;24/02/2021;08/05/2026;33;36;-3;36;BOKA ZAS NATA N4 24x100ML;EXTREME NATA N2 16X110ML;PIRULO MANGO 36x70ML;
05-2025 -> 05-2026;2866;LORCA;93;MARI CARMEN PREVENTA;401299433;E.S.ENERGY Y CARBURANTES;32074;;;Conveniencia;ESTACIONES DE SERVICIO / GASOL;05/10/2020;09/04/2026;16;17;-1;17;MDLZ BB MILKA N2 20X90ML;NUII NA CH.NEG N2 20x90;NUII ALM.JAVA N5 20X90;
05-2025 -> 05-2026;2866;LORCA;33;DOMINGO GINER ;401349502;BAZAR EUROPA ORIENTAR;7192;;;Conveniencia;BAZARES/SUVENIRES/TODO A 1_;01/03/2023;02/05/2026;27;28;-1;28;NUII TEXPECAN N1 20X90;MAXIBON CHSCAKE 24X140ML ;MAXIBON COOKIE N5 24x150;
05-2025 -> 05-2026;2866;LORCA;03;MARTIN MANCHON;400974461;24 HORAS EL BUDA;7540;;;Conveniencia;TIENDA DE ALIMENTACION ETNICA ;24/11/2011;13/05/2026;7;9;-2;9;MDLZ BB MILKA N2 20X90ML;PIRULO MANGO 36x70ML;NUII TEXPECAN N1 20X90;
05-2025 -> 05-2026;2866;LORCA;05;JOSE SANCHEZ;401378998;DON SALVATORE-PANTERA ROS;8545;;;Bares y Cafeter¡as;BAR Y CAFETERIA;01/03/2024;14/10/2025;0;6;-6;6;NUII ALM.JAVA N5 20X90;BOKA ZAS NATA N4 24x100ML;EXTREME NATA N2 16X110ML;
05-2025 -> 05-2026;2866;LORCA;35;RAUL MARTINEZ ;866012626;LA STAZIONE PIZZERIA;2626;;;Restaurantes;RESTAURANTES (NO INCLUYE CHINO;02/12/1998;08/05/2026;12;14;-2;14;EXTR VAINILLA N4 16x120ML;NUII TEXPECAN N1 20X90;NUII ALM.JAVA N5 20X90;
05-2025 -> 05-2026;2866;LORCA;33;DOMINGO GINER ;401393110;CASA CLUB CAMPOSOL GOLD;5702;;;Bares y Cafeter¡as;BAR Y CAFETERIA;01/10/2024;30/04/2026;0;21;-21;21;MAXIBON CLASIC N5 24X140 ;MDLZ SNDW OREO 24X110;NUII ALM.JAVA N5 20X90;
05-2025 -> 05-2026;2866;LORCA;05;JOSE SANCHEZ;866012092;EST.SERVICIO HNS.BA¥OS;2209;;;Conveniencia;ESTACIONES DE SERVICIO / GASOL;23/10/2001;12/05/2026;18;20;-2;20;MAXIBON CHSCAKE 24X140ML ;PIRULO MANGO 36x70ML;NUII CRM AUSTRAL.N4 20X90;
05-2025 -> 05-2026;2866;LORCA;73;JOSE MIGUEL ANDUJAR;401180200;SANTA MARIA BAR;30558;;;Bares y Cafeter¡as;BAR Y CAFETERIA;01/12/1997;28/04/2026;2;4;-2;4;EXTR DOBLE CHON2 16x120ML;NUII ALM.JAVA N5 20X90;;
05-2025 -> 05-2026;2866;LORCA;03;MARTIN MANCHON;401394869;TIENDA CAPRICHITOS;6014;;;Conveniencia;TIENDA DE ALIMENTACION ETNICA ;01/12/2024;23/07/2025;0;8;-8;8;MDLZ BBTOBLERONE N1 20X90;PIRULO SANDIA N4 36x73ML;MDLZ OREO BTOP N1 20x100;
05-2025 -> 05-2026;2866;LORCA;33;DOMINGO GINER ;866015689;CAFETERIA LA FUNDICION;9294;8660147;EL BERRO;Bares y Cafeter¡as;BAR Y CAFETERIA;17/05/2005;08/08/2025;0;10;-10;10;PIRULO SANDIA N4 36x73ML;NUII TEXPECAN N1 20X90;NUII ALM.JAVA N5 20X90;
05-2025 -> 05-2026;2866;LORCA;81;ANDRES MARIA CRUZ;401358293;BAR LA PLAZA;32604;;;Bares y Cafeter¡as;BAR Y CAFETERIA;01/05/2023;08/05/2025;0;4;-4;4;NUII ALM.JAVA N5 20X90;EXTREME NATA N2 16X110ML;PIRULO TROPICALN1 20x70ml;
05-2025 -> 05-2026;2866;LORCA;83;JOSE ANTONIO SOLER;401351342;E.S. EL 21;32535;000017548;E.S.EL 21;Conveniencia;ESTACIONES DE SERVICIO / GASOL;01/03/2023;14/03/2026;35;36;-1;36;PIRULO FRUIT JOY 24X65ML;EXTR LM CHESCK 16x110ML;EXTREME NATA N2 16X110ML;
05-2025 -> 05-2026;2866;LORCA;33;DOMINGO GINER ;866016052;CAMPIN BOLNUEVO KIOSKO;6052;8660184;BOLNUEVO PLAYA, S.L.;Ocio;CAMPING/PISCINAS/POLIDEPORTIVO;27/04/2004;09/05/2026;35;36;-1;36;EXTR LM CHESCK 16x110ML;EXTREME NATA N2 16X110ML;PIRULO FRUIT JOY 24X65ML;
05-2025 -> 05-2026;2866;LORCA;73;JOSE MIGUEL ANDUJAR;401180453;TIENDA MINIMERCADO;30079;;;Conveniencia;TIENDA DE ALIMENTACION ETNICA ;24/03/2008;12/09/2025;0;17;-17;17;CHOCOCLACK N2 24x90ML;MDLZ BB MILKA N2 20X90ML;MAXIBON CHSCAKE 24X140ML ;
05-2025 -> 05-2026;2866;LORCA;81;ANDRES MARIA CRUZ;401326046;CHIRINGUITO CERVE KORAL;40119;;;Ocio;CHIRINGUITOS DE PLAYA/MERENDER;01/02/2022;06/05/2026;19;26;-7;26;PIRULO SANDIA N4 36x73ML;NUII CRM AUSTRAL.N4 20X90;PIRL MIKOLAPIZ N4 20x88ML;
05-2025 -> 05-2026;2866;LORCA;81;ANDRES MARIA CRUZ;401274849;MIAPOLO BAR;31845;;;Bares y Cafeter¡as;BAR Y CAFETERIA;24/06/2019;07/05/2026;5;11;-6;11;MDLZ OREO BTOP N1 20x100;MAXIBON CHSCAKE 24X140ML ;MAXIBON COOKIE N5 24x150;
05-2025 -> 05-2026;2866;LORCA;16;FRANCISCO JOSE ASENSIO ;401403070;RESTAURANTE RUBIO;32827;;;Restaurantes;RESTAURANTES (NO INCLUYE CHINO;01/04/2025;09/05/2026;17;21;-4;21;MAXIBON COOKIE N5 24x150;NUII TEXPECAN N1 20X90;CONO KIT KAT N5 16x110ML;
05-2025 -> 05-2026;2866;LORCA;81;ANDRES MARIA CRUZ;401180400;TIENDA DE LAS CHUCHES;30041;000013225;LAS CHUCHES;Impulso Tradicional;TIENDAS DE CHUCHERIAS/FRUTOS S;21/03/2007;12/05/2026;35;36;-1;36;EXTR LM CHESCK 16x110ML;EXTREME NATA N2 16X110ML;PIRULO FRUIT JOY 24X65ML;
05-2025 -> 05-2026;2866;LORCA;73;JOSE MIGUEL ANDUJAR;401246921;SUPERMERCADO LI;31669;;;Conveniencia;TIENDA DE ALIMENTACION ETNICA ;25/07/2018;29/08/2025;0;18;-18;18;MAXIBON CHSCAKE 24X140ML ;MAXIBON CLASIC N5 24X140 ;MAXIBON COOKIE N5 24x150;
05-2025 -> 05-2026;2866;LORCA;03;MARTIN MANCHON;401407339;ZIZOU PASTEL;9191;;;Conveniencia;PASTELERIAS/PANADERIAS/FRUTERI;01/05/2025;13/05/2026;10;21;-11;21;MDLZ BBTOBLERONE N1 20X90;MAXIBON CHSCAKE 24X140ML ;MAXIBON CLASIC N5 24X140 ;
05-2025 -> 05-2026;2866;LORCA;10;EDGAR WIDRIDO GRANDA;401407498;BAZAR ZAAIM;10017;;;Conveniencia;BAZARES/SUVENIRES/TODO A 1_;01/05/2025;25/07/2025;0;21;-21;21;MDLZ BB MILKA N2 20X90ML;MAXIBON CHSCAKE 24X140ML ;MAXIBON COOKIE N5 24x150;
05-2025 -> 05-2026;2866;LORCA;03;MARTIN MANCHON;400918477;CASA PEPE;7122;000011776;BAR CASA PEPE;Restaurantes;RESTAURANTES (NO INCLUYE CHINO;02/04/2010;22/04/2026;17;20;-3;20;MAXIBON CHSCAKE 24X140ML ;MDLZ SNDW OREO 24X110;CONO KIT KAT N5 16x110ML;
05-2025 -> 05-2026;2866;LORCA;72;JOSE MIGUEL  ACACIO;401292200;BAR EL PASEO;31966;;;Bares y Cafeter¡as;BAR Y CAFETERIA;25/05/2020;23/08/2025;0;26;-26;26;MAXIBON CLASIC N5 24X140 ;MDLZ SNDW OREO 24X110;PIRULO SANDIA N4 36x73ML;
05-2025 -> 05-2026;2866;LORCA;73;JOSE MIGUEL ANDUJAR;401374285;CAFE BAR LA MAYOR;32357;;;Bares y Cafeter¡as;BAR Y CAFETERIA;01/01/2024;22/04/2026;35;37;-2;37;EXTREME NATA N2 16X110ML;EXTR LM CHESCK 16x110ML;PIRULO FRUIT JOY 24X65ML;
05-2025 -> 05-2026;2866;LORCA;16;FRANCISCO JOSE ASENSIO ;401309099;BAZAR DRAGON;32222;;;Bares y Cafeter¡as;BAR Y CAFETERIA;01/04/2021;26/03/2026;18;23;-5;23;MDLZ OREO BTOP N1 20x100;MAXIBON CHSCAKE 24X140ML ;PIRULO SANDIA N4 36x73ML;
05-2025 -> 05-2026;2866;LORCA;02;BARTOLO .;401299204;SUPERMERCADO BP;8229;;;Conveniencia;TIENDA DE ALIMENTACION ETNICA ;28/09/2020;30/04/2026;17;19;-2;19;MAXIBON COOKIE N5 24x150;MAXIBON WAFFLE N2 24X140;PIRULO MANGO 36x70ML;
05-2025 -> 05-2026;2866;LORCA;10;EDGAR WIDRIDO GRANDA;401401979;SUPERMERCADO EURO ECUADOR;9614;;;Hogar;SUPERMERCADOS CON 2 O MAS CAJA;01/03/2025;17/02/2026;14;20;-6;20;MAXIBON CHSCAKE 24X140ML ;PIRULO MANGO 36x70ML;MDLZ MNBITCUP OREO 12x105;
05-2025 -> 05-2026;2866;LORCA;72;JOSE MIGUEL  ACACIO;401254485;RESTAURANTE EL REENCUENTR;31732;;;Restaurantes;RESTAURANTES (NO INCLUYE CHINO;01/01/2019;11/11/2025;0;10;-10;10;MAXIBON CLASIC N5 24X140 ;MDLZ BB MILKA N2 20X90ML;MAXIBON WAFFLE N2 24X140;
05-2025 -> 05-2026;2866;LORCA;80;JUAN LUIS GALLEGO ;401180605;EL RINCON GOLOSO;32465;;;Impulso Tradicional;TIENDAS DE CHUCHERIAS/FRUTOS S;14/06/2011;05/05/2026;35;36;-1;36;PIRULO FRUIT JOY 24X65ML;EXTR LM CHESCK 16x110ML;EXTREME NATA N2 16X110ML;
05-2025 -> 05-2026;2866;LORCA;73;JOSE MIGUEL ANDUJAR;401352871;TIENDA CANDY WORLD;32548;;;Conveniencia;TIENDA DE ALIMENTACION ETNICA ;01/04/2023;08/05/2026;27;30;-3;30;MDLZ OREO BTOP N1 20x100;BOKA ZAS NATA N4 24x100ML;MAXIBON CHSCAKE 24X140ML ;
05-2025 -> 05-2026;2866;LORCA;93;MARI CARMEN PREVENTA;401181260;HOTEL MARINA PLAYA;30507;B6762;SERVIHOTEL, S.L;Hoteles y Hostales;HOTELES Y HOSTALES;11/05/2016;12/05/2026;14;17;-3;17;NUII NA CH.NEG N2 20x90;EXTR DOBLE CHON2 16x120ML;PIRULO TROPICALN1 20x70ml;
05-2025 -> 05-2026;2866;LORCA;81;ANDRES MARIA CRUZ;401180222;ARCADIO BAR;32755;;;Bares y Cafeter¡as;BAR Y CAFETERIA;01/12/1997;07/05/2026;5;8;-3;8;EXTREME NATA N2 16X110ML;MAXIBON CLASIC N5 24X140 ;PIRL COOL LIMON N3 24X99;
05-2025 -> 05-2026;2866;LORCA;03;MARTIN MANCHON;401379397;CHIRINGUITO HENROK;3607;000008918;CANAL NAUTICO;Ocio;CHIRINGUITOS DE PLAYA/MERENDER;01/03/2024;28/04/2026;35;36;-1;36;PIRULO FRUIT JOY 24X65ML;EXTR LM CHESCK 16x110ML;EXTREME NATA N2 16X110ML;
05-2025 -> 05-2026;2866;LORCA;35;RAUL MARTINEZ ;866015036;LA PIZZA CAMPING;5036;;;Ocio;CHIRINGUITOS DE PLAYA/MERENDER;28/02/1998;08/05/2026;22;24;-2;24;MAXIBON CHSCAKE 24X140ML ;NUII CRM AUSTRAL.N4 20X90;EXTR LM CHESCK 16x110ML;
05-2025 -> 05-2026;2866;LORCA;80;JUAN LUIS GALLEGO ;401181099;CAFETERIA EL JAYA;30399;;;Bares y Cafeter¡as;BAR Y CAFETERIA;13/06/2015;02/05/2026;10;11;-1;11;MAXIBON COOKIE N5 24x150;NUII NA CH.NEG N2 20x90;NUII ALM.JAVA N5 20X90;
05-2025 -> 05-2026;2866;LORCA;73;JOSE MIGUEL ANDUJAR;401279936;E.S. HIDROCARBUROS 96290D;39524;;;Conveniencia;ESTACIONES DE SERVICIO / GASOL;23/10/2019;24/04/2026;18;20;-2;20;MDLZ BB MILKA N2 20X90ML;MDLZ BBTOBLERONE N1 20X90;MAXIBON COOKIE N5 24x150;
05-2025 -> 05-2026;2866;LORCA;93;MARI CARMEN PREVENTA;401221081;PIZZERIA POMODORO;30872;000003020;GRUPO VIVAS;Restaurantes;RESTAURANTES (NO INCLUYE CHINO;20/11/2017;07/05/2025;0;5;-5;5;SMARTIES PUSHUP 20x85MLN7;MDLZ SNDW OREO 24X110;MAXIBON CLASIC N5 24X140 ;
05-2025 -> 05-2026;2866;LORCA;81;ANDRES MARIA CRUZ;401180512;REST. CLAUDIO;30116;;;Restaurantes;RESTAURANTES (NO INCLUYE CHINO;09/11/2009;06/05/2026;4;5;-1;5;MAXIBON CLASIC N5 24X140 ;PIR COOL FRESA N3 24X99ML;;
05-2025 -> 05-2026;2866;LORCA;83;JOSE ANTONIO SOLER;401231454;PARAISO DE LAS CHUCHES;30908;;;Impulso Tradicional;TIENDAS DE CHUCHERIAS/FRUTOS S;19/02/2018;01/04/2026;35;36;-1;36;PIRULO FRUIT JOY 24X65ML;EXTR LM CHESCK 16x110ML;EXTREME NATA N2 16X110ML;
05-2025 -> 05-2026;2866;LORCA;16;FRANCISCO JOSE ASENSIO ;401031373;CAFETERIA JULIO MENFIS;3511;;;Bares y Cafeter¡as;BAR Y CAFETERIA;23/03/2007;09/05/2026;24;27;-3;27;EXTR LM CHESCK 16x110ML;EXTREME NATA N2 16X110ML;MAXIBON CHSCAKE 24X140ML ;
05-2025 -> 05-2026;2866;LORCA;33;DOMINGO GINER ;401041797;TERRAZA DEL MAR;8911;;;Restaurantes;RESTAURANTES (NO INCLUYE CHINO;05/06/2013;08/05/2026;19;22;-3;22;MDLZ MNBITCUP OREO 12x105;NUII TEXPECAN N1 20X90;MAXIBON COOKIE N5 24x150;
05-2025 -> 05-2026;2866;LORCA;81;ANDRES MARIA CRUZ;401261441;KIOSCO CASTO;31808;;;Impulso Tradicional;KIOSCO FIJO (NO PROPIEDAD NEST;20/02/2019;29/04/2026;35;36;-1;36;PIRULO FRUIT JOY 24X65ML;EXTR LM CHESCK 16x110ML;EXTREME NATA N2 16X110ML;
05-2025 -> 05-2026;2866;LORCA;05;JOSE SANCHEZ;400963821;AUTOSERVICIO TOTANA;1563;000010108;AUTOSERVICIO TOTANA;Conveniencia;TIENDA DE ALIMENTACION ETNICA ;27/05/2011;12/05/2026;19;22;-3;22;MDLZ MNBITCUP OREO 12x105;MAXIBON CHSCAKE 24X140ML ;MDLZ SNDW OREO 24X110;
05-2025 -> 05-2026;2866;LORCA;16;FRANCISCO JOSE ASENSIO ;866016304;BAR 4 VIENTOS;6304;;;Restaurantes;RESTAURANTES (NO INCLUYE CHINO;28/11/2006;25/03/2026;35;36;-1;36;PIRULO FRUIT JOY 24X65ML;EXTREME NATA N2 16X110ML;EXTR LM CHESCK 16x110ML;
05-2025 -> 05-2026;2866;LORCA;73;JOSE MIGUEL ANDUJAR;401401741;24 HORAS NOVA II;32816;;;Bares y Cafeter¡as;BAR Y CAFETERIA;01/03/2025;27/03/2025;0;19;-19;19;MAXIBON CHSCAKE 24X140ML ;MAXIBON CLASIC N5 24X140 ;MDLZ SNDW OREO 24X110;
05-2025 -> 05-2026;2866;LORCA;16;FRANCISCO JOSE ASENSIO ;401378287;SHELL TURRE;8574;000000734;SHELL PENINSULA ABANDERAD;Conveniencia;ESTACIONES DE SERVICIO / GASOL;01/03/2024;09/05/2026;10;15;-5;15;PIRL COOL LIMON N3 24X99;PIR COOL FRESA N3 24X99ML;PIRL MIKOLAPIZ N4 20x88ML;
05-2025 -> 05-2026;2866;LORCA;80;JUAN LUIS GALLEGO ;401374340;TIENDA ROZZ;32359;;;Impulso Tradicional;TIENDAS DE CHUCHERIAS/FRUTOS S;01/01/2024;12/05/2026;18;21;-3;21;MAXIBON WAFFLE N2 24X140;MAXIBON CHSCAKE 24X140ML ;PIRULO MANGO 36x70ML;
05-2025 -> 05-2026;2866;LORCA;10;EDGAR WIDRIDO GRANDA;401332867;BAR EL PALILLON;6612;;;Bares y Cafeter¡as;BAR Y CAFETERIA;02/05/2022;08/04/2026;14;15;-1;15;MAXIBON CLASIC N5 24X140 ;MAXIBON COOKIE N5 24x150;MDLZ SNDW OREO 24X110;
05-2025 -> 05-2026;2866;LORCA;81;ANDRES MARIA CRUZ;401180229;PASTELERIA;30582;;;Conveniencia;PASTELERIAS/PANADERIAS/FRUTERI;13/06/1998;07/05/2026;8;19;-11;19;MDLZ BB OREO 20X90ML;MAXIBON CHSCAKE 24X140ML ;CONO KIT KAT N5 16x110ML;
05-2025 -> 05-2026;2866;LORCA;16;FRANCISCO JOSE ASENSIO ;401031376;MINIMARKET VENTA ALFAIX;10178;;;Conveniencia;PASTELERIAS/PANADERIAS/FRUTERI;12/06/2010;09/05/2026;17;18;-1;18;MAXIBON CHSCAKE 24X140ML ;EXTR CRML SALADO 16x110ML;MAXIBON COOKIE N5 24x150;
05-2025 -> 05-2026;2866;LORCA;33;DOMINGO GINER ;401350169;SUPERMERCADO SUPER SOL;8972;;;Conveniencia;TIENDA DE ALIMENTACION ETNICA ;01/03/2023;11/04/2026;22;27;-5;27;MAXIBON COOKIE N5 24x150;MDLZ BBTOBLERONE N1 20X90;PIRL MIKOLAPIZ N4 20x88ML;
05-2025 -> 05-2026;2866;LORCA;81;ANDRES MARIA CRUZ;401401331;HELADERIA NEW ALOHA;30349;;;Ocio;HELADERIAS/HORCHATERIAS;01/03/2025;08/05/2026;25;29;-4;29;MAXIBON WAFFLE N2 24X140;PIRULO MANGO 36x70ML;NUII CRM AUSTRAL.N4 20X90;
05-2025 -> 05-2026;2866;LORCA;81;ANDRES MARIA CRUZ;401230436;CHIRINGUITO LA BARRACA;30603;;;Ocio;CHIRINGUITOS DE PLAYA/MERENDER;01/02/2018;11/05/2026;16;36;-20;36;MDLZ MNBITCUP OREO 12x105;MDLZ BBTOBLERONE N1 20X90;EXTR DOBLE CHON2 16x120ML;
05-2025 -> 05-2026;2866;LORCA;33;DOMINGO GINER ;866011264;PANADERIA COYFER, S.L.;1264;000016366;PANADERIAS COYFER;Conveniencia;PASTELERIAS/PANADERIAS/FRUTERI;16/06/1998;28/04/2026;35;36;-1;36;PIRULO FRUIT JOY 24X65ML;EXTR LM CHESCK 16x110ML;EXTREME NATA N2 16X110ML;
05-2025 -> 05-2026;2866;LORCA;80;JUAN LUIS GALLEGO ;401377191;BAR EL TONEL 3;32679;000017417;BAR EL TONEL;Bares y Cafeter¡as;BAR Y CAFETERIA;01/02/2024;13/02/2026;0;7;-7;7;MDLZ SNDW OREO 24X110;NUII ALM.JAVA N5 20X90;PIRL MIKOLAPIZ N4 20x88ML;
05-2025 -> 05-2026;2866;LORCA;73;JOSE MIGUEL ANDUJAR;401399979;BAR LA OLLA ROTA;32765;;;Bares y Cafeter¡as;BAR Y CAFETERIA;01/02/2025;07/05/2026;17;19;-2;19;MAXIBON CHSCAKE 24X140ML ;CHOCOCLACK N2 24x90ML;PIRULO MANGO 36x70ML;
05-2025 -> 05-2026;2866;LORCA;93;MARI CARMEN PREVENTA;401361873;ALIPROX MOJACAR;39550;B8084;EROSKI CST;Conveniencia;TIENDA DE ALIMENTACION ETNICA ;01/06/2023;05/06/2025;0;15;-15;15;MDLZ BB MILKA N2 20X90ML;MAXIBON CLASIC N5 24X140 ;MAXIBON COOKIE N5 24x150;
05-2025 -> 05-2026;2866;LORCA;93;MARI CARMEN PREVENTA;401180555;E.S. GONGORA 96945 AGUDLC;30141;B6345;LOGISTA SA;Conveniencia;ESTACIONES DE SERVICIO / GASOL;22/10/2010;15/07/2025;0;10;-10;10;MAXIBON CLASIC N5 24X140 ;MAXIBON COOKIE N5 24x150;PIR FANTASMIKOS N5 18X75;
05-2025 -> 05-2026;2866;LORCA;16;FRANCISCO JOSE ASENSIO ;401205907;RESTAURANTE MARTIN MORALE;30784;;;Restaurantes;RESTAURANTES (NO INCLUYE CHINO;08/05/2017;08/05/2026;0;36;-36;36;MDLZ BB MILKA N2 20X90ML;MDLZ BBTOBLERONE N1 20X90;MAXIBON CHSCAKE 24X140ML ;
05-2025 -> 05-2026;2866;LORCA;72;JOSE MIGUEL  ACACIO;401354143;COVIRAN DALIAS;32568;;;Hogar;SUPERMERCADOS CON 2 O MAS CAJA;01/04/2023;07/05/2026;6;7;-1;7;MAXIBON CHSCAKE 24X140ML ;EXTR CRML SALADO 16x110ML;PIRULO TROPICALN1 20x70ml;
05-2025 -> 05-2026;2866;LORCA;93;MARI CARMEN PREVENTA;401180585;KARTING BAR;30578;;;Bares y Cafeter¡as;BAR Y CAFETERIA;25/04/2011;14/04/2026;6;7;-1;7;EXTR DOBLE CHON2 16x120ML;;;
05-2025 -> 05-2026;2866;LORCA;35;RAUL MARTINEZ ;401269890;E.S.REDOIL LA MORENA;8245;;;Bares y Cafeter¡as;BAR Y CAFETERIA;01/05/2019;04/02/2026;35;36;-1;36;PIRULO FRUIT JOY 24X65ML;EXTR LM CHESCK 16x110ML;EXTREME NATA N2 16X110ML;
05-2025 -> 05-2026;2866;LORCA;73;JOSE MIGUEL ANDUJAR;401402726;CAFETERIA VERACRUZ;32825;;;Bares y Cafeter¡as;BAR Y CAFETERIA;01/03/2025;05/06/2025;0;19;-19;19;MAXIBON CHSCAKE 24X140ML ;MAXIBON CLASIC N5 24X140 ;MDLZ SNDW OREO 24X110;
05-2025 -> 05-2026;2866;LORCA;81;ANDRES MARIA CRUZ;401180310;MIRADOR DE POLARDA;30651;;;Restaurantes;RESTAURANTES (NO INCLUYE CHINO;18/01/2002;05/03/2026;18;21;-3;21;CONO KIT KAT N5 16x110ML;EXTR LM CHESCK 16x110ML;MAXIBON CHSCAKE 24X140ML ;
05-2025 -> 05-2026;2866;LORCA;16;FRANCISCO JOSE ASENSIO ;401180518;PIZZERIA SINGAPUR I;30977;000013227;PIZZERIAS SINGAPUR@;Restaurantes;RESTAURANTES (NO INCLUYE CHINO;18/02/2010;12/05/2026;9;10;-1;10;NUII ALM.JAVA N5 20X90;MAXIBON CHSCAKE 24X140ML ;EXTR LM CHESCK 16x110ML;
05-2025 -> 05-2026;2866;LORCA;73;JOSE MIGUEL ANDUJAR;401285109;MOLINOS 18;32691;;;Restaurantes;RESTAURANTES (NO INCLUYE CHINO;31/01/2020;01/04/2025;0;19;-19;19;MAXIBON CHSCAKE 24X140ML ;MAXIBON COOKIE N5 24x150;MDLZ SNDW OREO 24X110;
05-2025 -> 05-2026;2866;LORCA;81;ANDRES MARIA CRUZ;401404697;CHIRINGUITO J.EMILIO E HI;32842;;;Ocio;CHIRINGUITOS DE PLAYA/MERENDER;01/04/2025;24/04/2026;5;22;-17;22;MDLZ BB MILKA N2 20X90ML;MAXIBON CHSCAKE 24X140ML ;MAXIBON COOKIE N5 24x150;
05-2025 -> 05-2026;2866;LORCA;02;BARTOLO .;401399427;BAR CARAMBA;9664;;;Bares y Cafeter¡as;BAR Y CAFETERIA;01/01/2025;05/11/2025;0;17;-17;17;NUII TEXPECAN N1 20X90;MAXIBON CHSCAKE 24X140ML ;NUII ALM.JAVA N5 20X90;
05-2025 -> 05-2026;2866;LORCA;02;BARTOLO .;401390554;CLUB PETANCA SAN DIEGO;9026;;;Bares y Cafeter¡as;BAR Y CAFETERIA;01/07/2024;24/07/2025;0;9;-9;9;MAXIBON CLASIC N5 24X140 ;PIRULO SANDIA N4 36x73ML;NUII NA CH.NEG N2 20x90;
05-2025 -> 05-2026;2866;LORCA;93;MARI CARMEN PREVENTA;401180315;BAR EL PILAR (HELADO);31797;;;Bares y Cafeter¡as;BAR Y CAFETERIA;23/04/2002;07/05/2026;3;4;-1;4;BOKA ZAS NATA N4 24x100ML;;;
05-2025 -> 05-2026;2866;LORCA;81;ANDRES MARIA CRUZ;401180211;ESTANCO(SELFA VILLANUEVA);30566;;;Conveniencia;PASTELERIAS/PANADERIAS/FRUTERI;01/12/1997;13/05/2026;5;7;-2;7;BOKA ZAS NATA N4 24x100ML;PIRULO SANDIA N4 36x73ML;CHOCOCLACK N2 24x90ML;
