Periodo Hasta AA-Actual;C.Ofi;Oficina Venta;C.Prev;Preventa;Cod.Cliente;Nombre Comercial;Cod.Interno;Cod.Cad;Cadena;Agrupacion;Tipo Establecimiento;Fecha Alta;Ult.Comp.Helados;Cuo.Anual Helados;VtaBru.Cum Actual;VtaBru.Cum Anterior;Desviacion _;Desviacion %;VtaBru.Tot Anterior;
05-2025 -> 05-2026;2866;LORCA;33;DOMINGO GINER ;866010656;COSTA COSTA HOTEL;7973;8660158;HERMANOS COSTA;Hoteles y Hostales;HOTELES Y HOSTALES;25/11/1999;28/04/2026;2620,61;493,15;924,39;-431,24;46,65;2561,69;
05-2025 -> 05-2026;2866;LORCA;02;BARTOLO .;866011091;BOCATERIA ¥AMPA ZAMPA;1091;;;Restaurantes;RESTAURANTES (NO INCLUYE CHINO;20/04/2005;13/05/2026;6007,99;2537,82;2851,83;-314,01;11,01;5872,91;
05-2025 -> 05-2026;2866;LORCA;03;MARTIN MANCHON;866011106;MESON PEPA;7939;8660159;MESON PEPA Y GALDEANO, S.;Restaurantes;RESTAURANTES (NO INCLUYE CHINO;01/01/1998;13/05/2026;18987,94;4366,57;5294,01;-927,44;17,52;18561,04;
05-2025 -> 05-2026;2866;LORCA;02;BARTOLO .;866011236;JARDINES DE LORCA, HOTEL;1236;000015244;QUANTUM ASOCIADOS;Hoteles y Hostales;HOTELES Y HOSTALES;01/01/1998;12/05/2026;15693,22;5642,77;6008,49;-365,72;6,09;15340,39;
05-2025 -> 05-2026;2866;LORCA;02;BARTOLO .;866011509;BAR CASINO;10176;;;Bares y Cafeter¡as;BAR Y CAFETERIA;24/01/2006;21/04/2026;1272,51;24,61;288,79;-264,18;91,48;1243,90;
05-2025 -> 05-2026;2866;LORCA;35;RAUL MARTINEZ ;866012215;EL BOCADILLON;5404;;;Restaurantes;RESTAURANTES (NO INCLUYE CHINO;01/01/1998;01/05/2026;4763,39;1465,96;1871,25;-405,29;21,66;4656,30;
05-2025 -> 05-2026;2866;LORCA;35;RAUL MARTINEZ ;866012914;PINAR LA DE  ALFAHUARA;7480;000017850;CAMPING SIERRA DE MARIA;Ocio;CAMPING/PISCINAS/POLIDEPORTIVO;25/06/2003;31/03/2026;6953,58;1555,32;1830,37;-275,05;15,03;6797,24;
05-2025 -> 05-2026;2866;LORCA;05;JOSE SANCHEZ;866015013;ESTACION SERV.GUADALENTIN;10416;8660149;DEGESCO, S.L.;Conveniencia;ESTACIONES DE SERVICIO / GASOL;03/05/2004;17/09/2025;2162,53;0,00;779,52;-779,52;100,00;2113,91;
05-2025 -> 05-2026;2866;LORCA;35;RAUL MARTINEZ ;866015036;LA PIZZA CAMPING;5036;;;Ocio;CHIRINGUITOS DE PLAYA/MERENDER;28/02/1998;08/05/2026;13625,39;3737,56;4026,61;-289,05;7,18;13319,05;
05-2025 -> 05-2026;2866;LORCA;35;RAUL MARTINEZ ;866015086;KIOSCO BAKERIN;8778;000017850;CAMPING SIERRA DE MARIA;Bares y Cafeter¡as;BAR Y CAFETERIA;23/05/2006;25/07/2025;1555,30;0,00;1062,31;-1062,31;100,00;1520,33;
05-2025 -> 05-2026;2866;LORCA;35;RAUL MARTINEZ ;866015099;HOGAR 3¦ EDAD MARIA;8525;;;Bares y Cafeter¡as;BAR Y CAFETERIA;03/07/2002;29/08/2025;5570,27;0,00;1108,23;-1108,23;100,00;5445,03;
05-2025 -> 05-2026;2866;LORCA;33;DOMINGO GINER ;866016003;RESTAURANTE EL CALDERO;5450;000008931;LOPEZ SALINERO, RICARDO;Restaurantes;RESTAURANTES (NO INCLUYE CHINO;03/03/2004;09/05/2026;4366,03;1294,22;1615,35;-321,13;19,88;4267,87;
05-2025 -> 05-2026;2866;LORCA;10;EDGAR WIDRIDO GRANDA;866016010;REST.MEDITERRANEO;7521;8660187;DAWEY;Restaurantes;RESTAURANTES CHINOS;03/03/2004;18/04/2026;1216,35;289,32;586,92;-297,60;50,71;1189,00;
05-2025 -> 05-2026;2866;LORCA;16;FRANCISCO JOSE ASENSIO ;866016304;BAR 4 VIENTOS;6304;;;Restaurantes;RESTAURANTES (NO INCLUYE CHINO;28/11/2006;25/03/2026;3745,15;1486,96;1787,11;-300,15;16,80;3660,95;
05-2025 -> 05-2026;2866;LORCA;16;FRANCISCO JOSE ASENSIO ;866016307;RESTAURANTE DON TADEO;6307;;;Restaurantes;RESTAURANTES (NO INCLUYE CHINO;28/11/2006;28/04/2026;3409,94;617,18;1175,17;-557,99;47,48;3333,27;
05-2025 -> 05-2026;2866;LORCA;16;FRANCISCO JOSE ASENSIO ;400821451;KIOSCO LUPE;4096;;;Impulso Tradicional;KIOSCO FIJO (NO PROPIEDAD NEST;19/12/2008;13/05/2026;10592,79;3417,36;3872,42;-455,06;11,75;10354,63;
05-2025 -> 05-2026;2866;LORCA;02;BARTOLO .;400930248;HELADERIA VENECIA;10444;;;Ocio;HELADERIAS/HORCHATERIAS;14/06/2010;08/05/2026;4971,68;527,38;2174,64;-1647,26;75,75;4859,90;
05-2025 -> 05-2026;2866;LORCA;35;RAUL MARTINEZ ;400950485;BAR ANA;7991;;;Bares y Cafeter¡as;BAR Y CAFETERIA;15/02/2011;08/08/2025;1301,46;0,00;857,83;-857,83;100,00;1272,20;
05-2025 -> 05-2026;2866;LORCA;03;MARTIN MANCHON;400970568;RECEPCION TIENDA CAMPING;2123;000003793;LA TASCA;Ocio;CAMPING/PISCINAS/POLIDEPORTIVO;27/07/2011;07/04/2026;2801,21;762,04;1282,21;-520,17;40,57;2738,23;
05-2025 -> 05-2026;2866;LORCA;33;DOMINGO GINER ;400973373;CAFETERIA PIZZERIA VIGGOS;2295;000007276;BOCA PIZZA;Bares y Cafeter¡as;BAR Y CAFETERIA;10/10/2011;10/04/2026;17238,03;0,00;5622,04;-5622,04;100,00;16850,47;
05-2025 -> 05-2026;2866;LORCA;13;JOAQUIN GARCIA;401004541;SALON FESTIN;1701;;;Restaurantes;SALONES DE BANQUETES;15/06/2012;13/02/2026;1113,84;103,00;456,23;-353,23;77,42;1088,80;
05-2025 -> 05-2026;2866;LORCA;13;JOAQUIN GARCIA;401013577;MESON RECREO LOS BOLOS;27611;000004198;BEER & FOOD GRUPO RESTAUR;Restaurantes;RESTAURANTES (NO INCLUYE CHINO;03/09/2012;07/05/2026;32519,11;9869,01;10841,64;-972,63;8,97;31787,99;
05-2025 -> 05-2026;2866;LORCA;02;BARTOLO .;401025018;ALIMENTACION EUROPA;7977;;;Conveniencia;TIENDA DE ALIMENTACION ETNICA ;11/02/2013;26/03/2026;2695,22;743,28;1091,34;-348,06;31,89;2634,62;
05-2025 -> 05-2026;2866;LORCA;13;JOAQUIN GARCIA;401135023;CATERING CANARA;7224;;;Restaurantes;RESTAURANTES (NO INCLUYE CHINO;08/07/2015;13/02/2026;2182,24;360,50;1076,04;-715,54;66,50;2133,18;
05-2025 -> 05-2026;2866;LORCA;02;BARTOLO .;401171004;CHIRINGUITO EL MARINERO;7781;;;Ocio;CHIRINGUITOS DE PLAYA/MERENDER;01/06/2016;08/05/2026;17971,24;5445,56;6831,13;-1385,57;20,28;17567,19;
05-2025 -> 05-2026;2866;LORCA;81;ANDRES MARIA CRUZ;401180199;EL CUARTEL BAR;30557;;;Bares y Cafeter¡as;BAR Y CAFETERIA;01/12/1997;20/08/2025;1135,94;0,00;342,30;-342,30;100,00;1110,40;
05-2025 -> 05-2026;2866;LORCA;81;ANDRES MARIA CRUZ;401180229;PASTELERIA;30582;;;Conveniencia;PASTELERIAS/PANADERIAS/FRUTERI;13/06/1998;07/05/2026;2044,05;480,12;1154,19;-674,07;58,40;1998,09;
05-2025 -> 05-2026;2866;LORCA;81;ANDRES MARIA CRUZ;401180246;CAFETERIA HELAD. RAFA;35076;;;Bares y Cafeter¡as;BAR Y CAFETERIA;16/12/2002;05/05/2026;16585,57;4296,54;5182,46;-885,92;17,09;16212,68;
05-2025 -> 05-2026;2866;LORCA;73;JOSE MIGUEL ANDUJAR;401180252;REST. LOS ARCOS;32458;;;Restaurantes;RESTAURANTES (NO INCLUYE CHINO;01/12/1997;13/05/2026;7473,16;2121,74;2776,14;-654,40;23,57;7305,14;
05-2025 -> 05-2026;2866;LORCA;93;MARI CARMEN PREVENTA;401180315;BAR EL PILAR (HELADO);31797;;;Bares y Cafeter¡as;BAR Y CAFETERIA;23/04/2002;07/05/2026;1304,40;172,60;560,28;-387,68;69,19;1275,07;
05-2025 -> 05-2026;2866;LORCA;81;ANDRES MARIA CRUZ;401180346;CAFETERIA HELADERIA COTO;30007;;;Bares y Cafeter¡as;BAR Y CAFETERIA;30/01/2006;09/05/2026;14254,55;1683,00;2417,72;-734,72;30,39;13934,07;
05-2025 -> 05-2026;2866;LORCA;81;ANDRES MARIA CRUZ;401180366;ZORAIDA PARK GRANELES;30020;000013242;HOTELES ZORAIDA S.A.;Hoteles y Hostales;HOTELES Y HOSTALES;24/03/2006;07/10/2025;14317,17;0,00;486,01;-486,01;100,00;13995,28;
05-2025 -> 05-2026;2866;LORCA;81;ANDRES MARIA CRUZ;401180369;RESTAURANTE ALPUJARRA;31975;;;Restaurantes;RESTAURANTES (NO INCLUYE CHINO;30/03/2006;07/04/2026;2568,85;458,46;788,95;-330,49;41,89;2511,09;
05-2025 -> 05-2026;2866;LORCA;16;FRANCISCO JOSE ASENSIO ;401180390;H.REST. BELLAVISTA;7924;;;Restaurantes;RESTAURANTES (NO INCLUYE CHINO;13/12/2006;07/05/2026;10185,18;444,22;2209,06;-1764,84;79,89;9956,19;
05-2025 -> 05-2026;2866;LORCA;81;ANDRES MARIA CRUZ;401180400;TIENDA DE LAS CHUCHES;30041;000013225;LAS CHUCHES;Impulso Tradicional;TIENDAS DE CHUCHERIAS/FRUTOS S;21/03/2007;12/05/2026;9093,31;2070,84;2414,52;-343,68;14,23;8888,87;
05-2025 -> 05-2026;2866;LORCA;81;ANDRES MARIA CRUZ;401180420;HOTEL PLAYADULCE;30058;B6505;GRUPO HOTELES PLAYA, S.L.;Hoteles y Hostales;HOTELES Y HOSTALES;03/05/2007;13/05/2026;40812,17;8420,70;9164,71;-744,01;8,12;39894,59;
05-2025 -> 05-2026;2866;LORCA;93;MARI CARMEN PREVENTA;401180421;OASIS PARQUE TEMATICO;30059;B6505;GRUPO HOTELES PLAYA, S.L.;Ocio;PARQUE DE ATRACCIONES/PARQUES ;04/05/2007;07/05/2026;69134,88;20655,96;22931,41;-2275,45;9,92;67580,53;
05-2025 -> 05-2026;2866;LORCA;16;FRANCISCO JOSE ASENSIO ;401180423;HOTEL PLAYA ZIMBALI;70061;B6505;GRUPO HOTELES PLAYA, S.L.;Hoteles y Hostales;HOTELES Y HOSTALES;07/05/2007;01/10/2025;50081,61;0,00;626,80;-626,80;100,00;48955,63;
05-2025 -> 05-2026;2866;LORCA;73;JOSE MIGUEL ANDUJAR;401180453;TIENDA MINIMERCADO;30079;;;Conveniencia;TIENDA DE ALIMENTACION ETNICA ;24/03/2008;12/09/2025;1987,41;0,00;813,05;-813,05;100,00;1942,73;
05-2025 -> 05-2026;2866;LORCA;81;ANDRES MARIA CRUZ;401180457;TIENDA LAS CHUCHES III;30081;000013225;LAS CHUCHES;Impulso Tradicional;TIENDAS DE CHUCHERIAS/FRUTOS S;23/04/2008;06/05/2026;16090,52;2762,52;3639,31;-876,79;24,09;15728,76;
05-2025 -> 05-2026;2866;LORCA;81;ANDRES MARIA CRUZ;401180505;CAFE BAR ALMAZARA;32232;;;Bares y Cafeter¡as;BAR Y CAFETERIA;06/07/2009;13/05/2026;5062,36;1264,63;1576,65;-312,02;19,79;4948,54;
05-2025 -> 05-2026;2866;LORCA;80;JUAN LUIS GALLEGO ;401180554;ACEBUCHE IMPULSO;30140;B6709;TRABAJO PENITENCIARIO Y FORMACION;Colectividades;CENTROS PENITENCIARIOS/EDUCATI;14/07/2010;11/09/2025;44093,48;0,00;1207,52;-1207,52;100,00;43102,13;
05-2025 -> 05-2026;2866;LORCA;81;ANDRES MARIA CRUZ;401180616;REST.CHINO SHANG-HAI;30179;;;Restaurantes;RESTAURANTES CHINOS;23/11/2011;29/04/2026;2120,51;394,74;893,12;-498,38;55,80;2072,83;
05-2025 -> 05-2026;2866;LORCA;72;JOSE MIGUEL  ACACIO;401180642;LA BARRANQUILLA ALMERIMAR;32758;;;Bares y Cafeter¡as;BAR Y CAFETERIA;17/03/2012;15/02/2025;1369,13;0,00;1338,35;-1338,35;100,00;1338,35;
05-2025 -> 05-2026;2866;LORCA;81;ANDRES MARIA CRUZ;401180654;KIOSCO ROGELIO;30204;;;Casetas NESTLE;CASETA/KIOSCO NESTLE (PROPIEDA;14/04/2012;20/10/2025;12902,63;0,00;322,80;-322,80;100,00;12612,54;
05-2025 -> 05-2026;2866;LORCA;81;ANDRES MARIA CRUZ;401180692;HOTEL NEPTUNO;52766;000016804;HOTELES ON GROUP;Hoteles y Hostales;HOTELES Y HOSTALES;02/01/2013;06/05/2026;38252,17;2785,83;3795,63;-1009,80;26,60;37392,15;
05-2025 -> 05-2026;2866;LORCA;81;ANDRES MARIA CRUZ;401180701;TIENDA PASEO LOS BA¥OS;31825;;;Conveniencia;TIENDA DE ALIMENTACION ETNICA ;11/02/2013;12/05/2026;3408,76;0,00;1050,89;-1050,89;100,00;3332,12;
05-2025 -> 05-2026;2866;LORCA;81;ANDRES MARIA CRUZ;401180748;MOJITO PLAYA;31875;000013274;MOJITO PLAYA;Bares y Cafeter¡as;BAR Y CAFETERIA;21/05/2013;08/04/2026;1089,39;215,50;522,98;-307,48;58,79;1064,90;
05-2025 -> 05-2026;2866;LORCA;81;ANDRES MARIA CRUZ;401180815;RTE.BAR ALKANZIYA;31778;;;Restaurantes;RESTAURANTES (NO INCLUYE CHINO;20/03/2014;13/05/2026;2526,98;201,90;842,76;-640,86;76,04;2470,17;
05-2025 -> 05-2026;2866;LORCA;93;MARI CARMEN PREVENTA;401181260;HOTEL MARINA PLAYA;30507;B6762;SERVIHOTEL, S.L;Hoteles y Hostales;HOTELES Y HOSTALES;11/05/2016;12/05/2026;14282,47;1592,92;2783,67;-1190,75;42,78;13961,36;
05-2025 -> 05-2026;2866;LORCA;93;MARI CARMEN PREVENTA;401181261;HOTEL MARINA MAR;30508;B6762;SERVIHOTEL, S.L;Hoteles y Hostales;HOTELES Y HOSTALES;11/05/2016;16/09/2025;16261,24;0,00;345,65;-345,65;100,00;15895,64;
05-2025 -> 05-2026;2866;LORCA;72;JOSE MIGUEL  ACACIO;401196612;E.S. LA ALQUERIA 96967;30692;B6345;LOGISTA SA;Conveniencia;ESTACIONES DE SERVICIO / GASOL;01/02/2017;04/10/2025;1384,64;0,00;291,14;-291,14;100,00;1353,51;
05-2025 -> 05-2026;2866;LORCA;72;JOSE MIGUEL  ACACIO;401198136;LA TAPERIA;32745;;;Restaurantes;RESTAURANTES (NO INCLUYE CHINO;01/03/2017;01/04/2025;1046,60;0,00;1023,07;-1023,07;100,00;1023,07;
05-2025 -> 05-2026;2866;LORCA;33;DOMINGO GINER ;401211957;LAS PLANCHAS;8636;;;Bares y Cafeter¡as;BAR Y CAFETERIA;26/06/2017;18/04/2026;2443,13;256,04;697,18;-441,14;63,27;2388,20;
05-2025 -> 05-2026;2866;LORCA;80;JUAN LUIS GALLEGO ;401226415;HELADERIA LA INDIA CENTRO;30824;000014233;LA INDIA;Ocio;HELADERIAS/HORCHATERIAS;10/01/2018;13/05/2026;9476,48;1443,48;2952,16;-1508,68;51,10;9263,42;
05-2025 -> 05-2026;2866;LORCA;93;MARI CARMEN PREVENTA;401232746;CUEVAS DE SORBAS;30955;;;Bares y Cafeter¡as;BAR Y CAFETERIA;08/03/2018;23/04/2026;5123,51;1820,32;2664,82;-844,50;31,69;5008,32;
05-2025 -> 05-2026;2866;LORCA;03;MARTIN MANCHON;401233444;CHIRINGUITO ESTRELLA MAR;7589;;;Bares y Cafeter¡as;BAR Y CAFETERIA;15/03/2018;08/05/2026;5266,56;366,12;2143,08;-1776,96;82,92;5148,15;
05-2025 -> 05-2026;2866;LORCA;93;MARI CARMEN PREVENTA;401233750;HOTEL PUEBLO INDALO;30963;B6835;BEST HOTELES;Hoteles y Hostales;HOTELES Y HOSTALES;19/03/2018;12/05/2026;75800,11;8513,22;11229,43;-2716,21;24,19;74095,90;
05-2025 -> 05-2026;2866;LORCA;93;MARI CARMEN PREVENTA;401236320;HOTEL MOJACAR PLAYA ACUAP;30993;B6505;GRUPO HOTELES PLAYA, S.L.;Hoteles y Hostales;HOTELES Y HOSTALES;16/04/2018;17/09/2025;30658,61;0,00;644,30;-644,30;100,00;29969,32;
05-2025 -> 05-2026;2866;LORCA;93;MARI CARMEN PREVENTA;401236800;HOTEL CABO GATA BEACH;30998;B8004;VALNEST HOTELS SL;Hoteles y Hostales;HOTELES Y HOSTALES;19/04/2018;12/05/2026;15281,80;318,48;3315,84;-2997,36;90,40;14938,22;
05-2025 -> 05-2026;2866;LORCA;93;MARI CARMEN PREVENTA;401240213;HOTEL BEST MOJACAR***;39500;B6835;BEST HOTELES;Hoteles y Hostales;HOTELES Y HOSTALES;01/05/2018;25/09/2025;47769,42;0,00;6776,18;-6776,18;100,00;46695,43;
05-2025 -> 05-2026;2866;LORCA;03;MARTIN MANCHON;401245032;BAHIANA CAFE HELADERIA;9597;;;Bares y Cafeter¡as;BAR Y CAFETERIA;02/07/2018;12/05/2026;23225,68;5851,53;6842,24;-990,71;14,48;22703,50;
05-2025 -> 05-2026;2866;LORCA;73;JOSE MIGUEL ANDUJAR;401246921;SUPERMERCADO LI;31669;;;Conveniencia;TIENDA DE ALIMENTACION ETNICA ;25/07/2018;29/08/2025;1238,91;0,00;664,95;-664,95;100,00;1211,06;
05-2025 -> 05-2026;2866;LORCA;80;JUAN LUIS GALLEGO ;401250559;BAR EL BARRO;32741;;;Restaurantes;RESTAURANTES (NO INCLUYE CHINO;12/11/2018;12/05/2026;5042,82;1346,89;1979,88;-632,99;31,97;4929,44;
05-2025 -> 05-2026;2866;LORCA;16;FRANCISCO JOSE ASENSIO ;401262371;CASA DIEGO 3¦EDAD;32015;;;Bares y Cafeter¡as;BAR Y CAFETERIA;04/03/2019;24/09/2025;1633,44;0,00;263,86;-263,86;100,00;1596,72;
05-2025 -> 05-2026;2866;LORCA;80;JUAN LUIS GALLEGO ;401263661;BAR EL TONEL;32414;000017417;BAR EL TONEL;Bares y Cafeter¡as;BAR Y CAFETERIA;18/03/2019;05/09/2025;9361,72;0,00;858,79;-858,79;100,00;9151,24;
05-2025 -> 05-2026;2866;LORCA;03;MARTIN MANCHON;401265512;CAFETERIA HELADERIA OCEAN;9105;000009250;FELIPA;Bares y Cafeter¡as;BAR Y CAFETERIA;01/04/2019;28/04/2026;3887,49;946,64;1849,19;-902,55;48,81;3800,09;
05-2025 -> 05-2026;2866;LORCA;13;JOAQUIN GARCIA;401269420;RTE. LOS BARTOLOS;537;;;Restaurantes;RESTAURANTES (NO INCLUYE CHINO;01/05/2019;14/08/2025;1651,34;0,00;597,58;-597,58;100,00;1614,21;
05-2025 -> 05-2026;2866;LORCA;81;ANDRES MARIA CRUZ;401274849;MIAPOLO BAR;31845;;;Bares y Cafeter¡as;BAR Y CAFETERIA;24/06/2019;07/05/2026;1176,13;182,32;455,75;-273,43;60,00;1149,69;
05-2025 -> 05-2026;2866;LORCA;81;ANDRES MARIA CRUZ;401275376;FRUTERIA ROMERA;31847;;;Varios;VARIOS/OTROS NO CLASIFICABLES;01/07/2019;14/08/2025;1657,35;0,00;776,67;-776,67;100,00;1620,09;
05-2025 -> 05-2026;2866;LORCA;81;ANDRES MARIA CRUZ;401278072;BAR LA 3¦ EDAD;32740;;;Bares y Cafeter¡as;BAR Y CAFETERIA;02/09/2019;09/04/2026;3906,88;336,84;837,90;-501,06;59,80;3819,04;
05-2025 -> 05-2026;2866;LORCA;33;DOMINGO GINER ;401280040;LA INESPERADA;8730;000016670;LA INESPERADA;Bares y Cafeter¡as;BAR Y CAFETERIA;25/10/2019;03/03/2026;1796,53;191,20;664,04;-472,84;71,21;1756,14;
05-2025 -> 05-2026;2866;LORCA;73;JOSE MIGUEL ANDUJAR;401284128;CAFETERIA LA TONTA MONA;31131;000015692;CAFETERIA DEL AGUILA;Bares y Cafeter¡as;BAR Y CAFETERIA;06/01/2020;07/05/2026;6994,92;2125,34;2406,87;-281,53;11,70;6837,65;
05-2025 -> 05-2026;2866;LORCA;16;FRANCISCO JOSE ASENSIO ;401284948;KIOSCO PAQUITA;31918;;;Impulso Tradicional;KIOSCO FIJO (NO PROPIEDAD NEST;27/01/2020;11/09/2025;16427,86;0,00;1625,54;-1625,54;100,00;16058,51;
05-2025 -> 05-2026;2866;LORCA;80;JUAN LUIS GALLEGO ;401285455;MERENDERO TIO PEPE;32433;000015725;HELADERIA CAPRICHOSA;Restaurantes;RESTAURANTES (NO INCLUYE CHINO;03/02/2020;09/05/2026;16663,43;1423,56;2008,99;-585,43;29,14;16288,79;
05-2025 -> 05-2026;2866;LORCA;33;DOMINGO GINER ;401287876;BAR FREIDURIA LA FAROLA;9162;;;Bares y Cafeter¡as;BAR Y CAFETERIA;24/02/2020;12/05/2026;5986,50;1280,93;1643,66;-362,73;22,07;5851,91;
05-2025 -> 05-2026;2866;LORCA;99;DISTRIBUIDOR LORCA "A";401288033;CONGECAR;2040;;;Varios;VARIOS/OTROS NO CLASIFICABLES;24/02/2020;17/04/2026;1840,88;767,32;1424,67;-657,35;46,14;1799,49;
05-2025 -> 05-2026;2866;LORCA;72;JOSE MIGUEL  ACACIO;401292200;BAR EL PASEO;31966;;;Bares y Cafeter¡as;BAR Y CAFETERIA;25/05/2020;23/08/2025;3049,52;0,00;1053,43;-1053,43;100,00;2980,96;
05-2025 -> 05-2026;2866;LORCA;35;RAUL MARTINEZ ;401294267;CHIRINGUITO EL RECREO;9324;;;Ocio;CHIRINGUITOS DE PLAYA/MERENDER;15/06/2020;18/09/2025;1832,80;0,00;1322,06;-1322,06;100,00;1791,59;
05-2025 -> 05-2026;2866;LORCA;33;DOMINGO GINER ;401294646;RESTAURANTE VILLAMARES;9515;000015879;LA BODEGA;Restaurantes;RESTAURANTES (NO INCLUYE CHINO;22/06/2020;08/05/2026;7158,10;1532,63;1947,70;-415,07;21,31;6997,17;
05-2025 -> 05-2026;2866;LORCA;16;FRANCISCO JOSE ASENSIO ;401296438;BAR VALERO;9551;;;Bares y Cafeter¡as;BAR Y CAFETERIA;01/07/2020;17/04/2026;1271,35;708,76;979,27;-270,51;27,62;1242,77;
05-2025 -> 05-2026;2866;LORCA;16;FRANCISCO JOSE ASENSIO ;401307730;BAR HELADERIA MIRADOR;32096;;;Bares y Cafeter¡as;BAR Y CAFETERIA;19/03/2021;30/04/2026;29900,64;5735,85;7902,85;-2167,00;27,42;29228,39;
05-2025 -> 05-2026;2866;LORCA;72;JOSE MIGUEL  ACACIO;401307790;BAR EL TIMON;32512;000016331;RTE. CLUB NAUTICO;Bares y Cafeter¡as;BAR Y CAFETERIA;15/03/2021;09/05/2026;1719,90;237,10;550,82;-313,72;56,96;1681,23;
05-2025 -> 05-2026;2866;LORCA;33;DOMINGO GINER ;401309087;RERSTAURANTE YAHO;9409;;;Restaurantes;RESTAURANTES (NO INCLUYE CHINO;01/04/2021;12/05/2026;2172,36;564,00;1012,65;-448,65;44,30;2123,52;
05-2025 -> 05-2026;2866;LORCA;72;JOSE MIGUEL  ACACIO;401310970;SUMA PUENTE DEL RIO 65981;39537;B6604;TRANSGOURMET IBER FRANQ;Hogar;SUPERMERCADOS CON 2 O MAS CAJA;29/04/2021;21/08/2025;1031,37;0,00;524,45;-524,45;100,00;1008,18;
05-2025 -> 05-2026;2866;LORCA;33;DOMINGO GINER ;401311009;CAFETERIA LA ERMITA;9401;;;Bares y Cafeter¡as;BAR Y CAFETERIA;01/05/2021;23/04/2026;2671,93;894,08;1443,26;-549,18;38,05;2611,86;
05-2025 -> 05-2026;2866;LORCA;16;FRANCISCO JOSE ASENSIO ;401311655;SIMONS CAFE PUB;9559;;;Bares y Cafeter¡as;BAR Y CAFETERIA;03/05/2021;21/08/2025;1469,19;0,00;606,69;-606,69;100,00;1436,16;
05-2025 -> 05-2026;2866;LORCA;73;JOSE MIGUEL ANDUJAR;401312302;ATEN OIL SECTOR AOPERACIO;32890;;;Conveniencia;ESTACIONES DE SERVICIO / GASOL;17/05/2021;02/05/2026;3132,32;364,54;676,15;-311,61;46,09;3061,90;
05-2025 -> 05-2026;2866;LORCA;16;FRANCISCO JOSE ASENSIO ;401313354;CHIRINGUITO EL CHUMBO;9596;;;Ocio;CHIRINGUITOS DE PLAYA/MERENDER;24/05/2021;28/04/2026;15294,24;1526,86;2726,44;-1199,58;44,00;14950,38;
05-2025 -> 05-2026;2866;LORCA;93;MARI CARMEN PREVENTA;401317489;CASH BOROSA ROQUETAS;39538;B7098;ALVAREZ LUCHA S.L.;Hogar;SUPERMERCADOS CON 2 O MAS CAJA;01/07/2021;08/05/2026;4159,71;817,36;1080,64;-263,28;24,36;4066,19;
05-2025 -> 05-2026;2866;LORCA;02;BARTOLO .;401324411;CAFETERIA STUDIO 54;8298;;;Bares y Cafeter¡as;BAR Y CAFETERIA;01/12/2021;17/12/2025;1939,14;0,00;1066,45;-1066,45;100,00;1895,54;
05-2025 -> 05-2026;2866;LORCA;81;ANDRES MARIA CRUZ;401324479;CHIRINGUITO EL HOYO 10;40729;;;Ocio;CHIRINGUITOS DE PLAYA/MERENDER;27/12/2021;15/10/2025;1133,77;0,00;303,47;-303,47;100,00;1108,28;
05-2025 -> 05-2026;2866;LORCA;16;FRANCISCO JOSE ASENSIO ;401328341;HELADERIA VERA PLAYA;7824;;;Ocio;HELADERIAS/HORCHATERIAS;24/03/2022;29/04/2026;17564,91;2571,56;3436,28;-864,72;25,16;17170,00;
05-2025 -> 05-2026;2866;LORCA;33;DOMINGO GINER ;401331765;KIOSCOS AREA CAMPER;8912;000016940;KIOSCO PUEBLO SALAO;Impulso Tradicional;KIOSCO FIJO (NO PROPIEDAD NEST;01/05/2022;19/08/2025;1934,91;0,00;1026,61;-1026,61;100,00;1891,41;
05-2025 -> 05-2026;2866;LORCA;81;ANDRES MARIA CRUZ;401332448;CAFETERIA CERO CAFE;30336;;;Bares y Cafeter¡as;BAR Y CAFETERIA;01/05/2022;20/08/2025;1935,37;0,00;510,58;-510,58;100,00;1891,86;
05-2025 -> 05-2026;2866;LORCA;35;RAUL MARTINEZ ;401333579;CAFFE & DRINK GORBEIA;8403;000018746;GORBEIA BUSSINES;Bares y Cafeter¡as;BAR Y CAFETERIA;01/05/2022;13/05/2026;3277,49;978,85;1259,31;-280,46;22,27;3203,80;
05-2025 -> 05-2026;2866;LORCA;02;BARTOLO .;401338632;PAK DONER KEBAB;8959;;;Bares y Cafeter¡as;HAMBURGUESERIA/KEBAB/FAST FOOD;01/07/2022;24/07/2025;1999,62;0,00;900,25;-900,25;100,00;1954,66;
05-2025 -> 05-2026;2866;LORCA;81;ANDRES MARIA CRUZ;401341055;KIOSCO PUERTO ROQUETAS;32468;;;Impulso Tradicional;KIOSCO FIJO (NO PROPIEDAD NEST;01/11/2022;23/08/2025;4118,50;0,00;1369,72;-1369,72;100,00;4025,90;
05-2025 -> 05-2026;2866;LORCA;33;DOMINGO GINER ;401350172;SUPER SOL BOLNUEVO;8419;;;Conveniencia;TIENDA DE ALIMENTACION ETNICA ;01/03/2023;04/08/2025;2104,18;0,00;316,66;-316,66;100,00;2056,87;
05-2025 -> 05-2026;2866;LORCA;03;MARTIN MANCHON;401350325;SUPERTERREROS;3048;B6614;GRUPO UPPER SOC.COOP.IMP.H.P;Hogar;SUPERMERCADOS CON 2 O MAS CAJA;01/03/2023;26/09/2025;4251,14;0,00;1149,72;-1149,72;100,00;4155,56;
05-2025 -> 05-2026;2866;LORCA;16;FRANCISCO JOSE ASENSIO ;401350887;CAFETERIA DULCE LUNA;10021;;;Bares y Cafeter¡as;BAR Y CAFETERIA;01/03/2023;26/11/2025;2065,16;0,00;1276,99;-1276,99;100,00;2018,73;
05-2025 -> 05-2026;2866;LORCA;10;EDGAR WIDRIDO GRANDA;401351056;CARNICERIA FRUTERIA HALAL;8692;;;Varios;VARIOS/OTROS NO CLASIFICABLES;01/03/2023;13/05/2026;4762,64;2025,52;2921,16;-895,64;30,66;4655,56;
05-2025 -> 05-2026;2866;LORCA;02;BARTOLO .;401351406;CLUB DE TENIS LOS ALAMOS;8494;;;Bares y Cafeter¡as;BAR Y CAFETERIA;01/03/2023;17/04/2026;3351,14;1118,20;1412,85;-294,65;20,86;3275,80;
05-2025 -> 05-2026;2866;LORCA;35;RAUL MARTINEZ ;401351610;LAGO DEL MESON;8994;;;Restaurantes;RESTAURANTES (NO INCLUYE CHINO;01/03/2023;08/08/2025;3151,53;0,00;1480,75;-1480,75;100,00;3080,67;
05-2025 -> 05-2026;2866;LORCA;33;DOMINGO GINER ;401352658;SAL Y ALMAGRE;8673;;;Bares y Cafeter¡as;BAR Y CAFETERIA;01/03/2023;05/09/2025;2088,99;0,00;352,88;-352,88;100,00;2042,02;
05-2025 -> 05-2026;2866;LORCA;16;FRANCISCO JOSE ASENSIO ;401359151;SUPERMERCADO ARRECIFE;32616;;;Hogar;SUPERMERCADOS CON 2 O MAS CAJA;05/06/2023;28/04/2026;7390,00;1047,16;1536,28;-489,12;31,84;7223,85;
05-2025 -> 05-2026;2866;LORCA;35;RAUL MARTINEZ ;401360818;CAFE HELADERIA VALDANI;9148;;;Bares y Cafeter¡as;BAR Y CAFETERIA;01/06/2023;23/04/2026;12484,68;453,76;3369,41;-2915,65;86,53;12203,99;
05-2025 -> 05-2026;2866;LORCA;16;FRANCISCO JOSE ASENSIO ;401361374;RESTAURANTE LA PITA;32401;;;Restaurantes;RESTAURANTES (NO INCLUYE CHINO;01/06/2023;12/05/2026;1028,37;0,00;282,04;-282,04;100,00;1005,25;
05-2025 -> 05-2026;2866;LORCA;93;MARI CARMEN PREVENTA;401362354;ALBERGUE JUVENIL ALMERIA;39263;B8013;QUANTUM ASOCIADOS;Varios;VARIOS/OTROS NO CLASIFICABLES;01/07/2023;29/04/2026;2121,29;282,24;689,36;-407,12;59,06;2073,60;
05-2025 -> 05-2026;2866;LORCA;05;JOSE SANCHEZ;401363147;AREA DE SERVICIO AGETRANS;8940;;;Varios;VARIOS/OTROS NO CLASIFICABLES;01/07/2023;12/05/2026;3129,32;686,20;1083,03;-396,83;36,64;3058,96;
05-2025 -> 05-2026;2866;LORCA;02;BARTOLO .;401363453;HAO HAO BAZAR ALIMENTACIO;8371;;;Conveniencia;TIENDA DE ALIMENTACION ETNICA ;17/07/2023;25/04/2026;1241,43;325,12;690,07;-364,95;52,89;1213,52;
05-2025 -> 05-2026;2866;LORCA;93;MARI CARMEN PREVENTA;401363725;LOOPS&COFFEE LORCA;10382;000009215;LOOPS & COFFEE;Bares y Cafeter¡as;BAR Y CAFETERIA;01/07/2023;08/05/2026;9482,55;2421,97;3051,67;-629,70;20,63;9269,35;
05-2025 -> 05-2026;2866;LORCA;80;JUAN LUIS GALLEGO ;401366820;RTE. CLUB NATACION;32347;;;Bares y Cafeter¡as;BAR Y CAFETERIA;06/11/2023;25/04/2026;17564,35;76,80;4621,17;-4544,37;98,34;17169,45;
05-2025 -> 05-2026;2866;LORCA;73;JOSE MIGUEL ANDUJAR;401367572;HELADERIA RAMBLA AMATISTE;32641;;;Ocio;HELADERIAS/HORCHATERIAS;01/12/2023;08/05/2026;34112,28;7542,19;8014,37;-472,18;5,89;33345,34;
05-2025 -> 05-2026;2866;LORCA;05;JOSE SANCHEZ;401373979;BAR LA PALESTRA;8366;8660147;EL BERRO;Bares y Cafeter¡as;BAR Y CAFETERIA;18/12/2023;09/04/2026;3063,06;106,32;1146,51;-1040,19;90,73;2994,19;
05-2025 -> 05-2026;2866;LORCA;80;JUAN LUIS GALLEGO ;401374369;BAR EL PUERTO;31919;000018136;CHIRINGUITO PESETA BAHIA ;Bares y Cafeter¡as;BAR Y CAFETERIA;01/01/2024;12/09/2025;3883,82;0,00;1164,84;-1164,84;100,00;3796,50;
05-2025 -> 05-2026;2866;LORCA;93;MARI CARMEN PREVENTA;401374502;E.S. N§12144 REPSOL;70076;B6345;LOGISTA SA;Conveniencia;ESTACIONES DE SERVICIO / GASOL;08/01/2024;28/08/2025;1791,93;0,00;665,80;-665,80;100,00;1751,64;
05-2025 -> 05-2026;2866;LORCA;03;MARTIN MANCHON;401376166;RTE.CHINO GRAN MUNDO;8425;;;Restaurantes;RESTAURANTES CHINOS;01/02/2024;05/05/2026;11465,21;1612,32;6430,06;-4817,74;74,93;11207,44;
05-2025 -> 05-2026;2866;LORCA;02;BARTOLO .;401376685;BAR CABRERA;5877;;;Bares y Cafeter¡as;BAR Y CAFETERIA;01/02/2024;03/03/2026;3517,40;22,22;1174,13;-1151,91;98,11;3438,32;
05-2025 -> 05-2026;2866;LORCA;73;JOSE MIGUEL ANDUJAR;401376873;SUPERMERCADO SAN JUAN 5;32675;;;Hogar;SUPERMERCADOS CON 2 O MAS CAJA;01/02/2024;16/09/2025;2582,36;0,00;932,46;-932,46;100,00;2524,30;
05-2025 -> 05-2026;2866;LORCA;10;EDGAR WIDRIDO GRANDA;401377017;CARNICERIA AL ANDALUS;8423;;;Varios;VARIOS/OTROS NO CLASIFICABLES;31/01/2024;03/03/2026;1546,79;566,68;1345,07;-778,39;57,87;1512,01;
05-2025 -> 05-2026;2866;LORCA;80;JUAN LUIS GALLEGO ;401377191;BAR EL TONEL 3;32679;000017417;BAR EL TONEL;Bares y Cafeter¡as;BAR Y CAFETERIA;01/02/2024;13/02/2026;4485,47;166,65;1004,05;-837,40;83,40;4384,62;
05-2025 -> 05-2026;2866;LORCA;02;BARTOLO .;401377885;TRADY`S LORCA;5970;;;Bares y Cafeter¡as;BAR Y CAFETERIA;26/02/2024;09/05/2026;3171,54;533,80;1011,44;-477,64;47,22;3100,23;
05-2025 -> 05-2026;2866;LORCA;10;EDGAR WIDRIDO GRANDA;401378010;SUPERMERCADO ENNACIRI;8364;;;Hogar;SUPERMERCADOS CON 2 O MAS CAJA;01/03/2024;04/04/2025;1001,79;0,00;979,27;-979,27;100,00;979,27;
05-2025 -> 05-2026;2866;LORCA;16;FRANCISCO JOSE ASENSIO ;401378577;RTE.RINCON DEL ZAHON;8575;;;Restaurantes;RESTAURANTES (NO INCLUYE CHINO;01/03/2024;20/03/2026;2045,56;24,12;474,37;-450,25;94,92;1999,57;
05-2025 -> 05-2026;2866;LORCA;81;ANDRES MARIA CRUZ;401380421;CAFE HELADERIA JUDIT;32706;;;Bares y Cafeter¡as;BAR Y CAFETERIA;01/03/2024;13/05/2026;5487,90;871,05;1206,58;-335,53;27,81;5364,52;
05-2025 -> 05-2026;2866;LORCA;02;BARTOLO .;401380608;BAR CHAPIRELA;8441;;;Bares y Cafeter¡as;BAR Y CAFETERIA;01/04/2024;09/05/2026;1209,17;70,24;1164,06;-1093,82;93,97;1181,98;
05-2025 -> 05-2026;2866;LORCA;02;BARTOLO .;401381433;EL CHIRINGUITO MARIA;8452;000018356;CHIRINGUITO VELEZ BLANCO/;Ocio;CHIRINGUITOS DE PLAYA/MERENDER;01/04/2024;08/05/2026;7559,69;2493,71;2953,61;-459,90;15,57;7389,73;
05-2025 -> 05-2026;2866;LORCA;33;DOMINGO GINER ;401383698;CENTRO SOCIAL PASTRANA;8432;;;Bares y Cafeter¡as;BAR Y CAFETERIA;01/04/2024;23/10/2025;1111,34;0,00;325,79;-325,79;100,00;1086,35;
05-2025 -> 05-2026;2866;LORCA;02;BARTOLO .;401383700;VENTA MURCIA;9676;;;Restaurantes;RESTAURANTES (NO INCLUYE CHINO;01/04/2024;28/01/2026;1750,61;38,40;423,93;-385,53;90,94;1711,25;
05-2025 -> 05-2026;2866;LORCA;16;FRANCISCO JOSE ASENSIO ;401383858;KIOSCO LA FABRIQUILLA;39107;;;Ocio;CHIRINGUITOS DE PLAYA/MERENDER;01/05/2024;22/08/2025;42702,71;1396,56;3124,19;-1727,63;55,30;41742,63;
05-2025 -> 05-2026;2866;LORCA;33;DOMINGO GINER ;401384583;CAMPING PLAYA PARAZUELOS;8433;;;Ocio;CAMPING/PISCINAS/POLIDEPORTIVO;01/05/2024;07/05/2026;2185,19;687,92;1110,29;-422,37;38,04;2136,06;
05-2025 -> 05-2026;2866;LORCA;35;RAUL MARTINEZ ;401384588;COME Y CALLA;8578;;;Conveniencia;COMIDA PREPARADA/ASADORES DE P;01/05/2024;24/09/2025;1304,89;0,00;692,33;-692,33;100,00;1275,55;
05-2025 -> 05-2026;2866;LORCA;16;FRANCISCO JOSE ASENSIO ;401389309;CAMPING PALOMARES TAIGA;10022;;;Ocio;CAMPING/PISCINAS/POLIDEPORTIVO;01/07/2024;08/10/2025;6256,61;0,00;1095,33;-1095,33;100,00;6115,94;
05-2025 -> 05-2026;2866;LORCA;33;DOMINGO GINER ;401393110;CASA CLUB CAMPOSOL GOLD;5702;;;Bares y Cafeter¡as;BAR Y CAFETERIA;01/10/2024;30/04/2026;6166,47;546,96;2039,67;-1492,71;73,18;6027,83;
05-2025 -> 05-2026;2866;LORCA;80;JUAN LUIS GALLEGO ;401393772;HOTEL GOLF ALMERIMAR;35065;000015244;QUANTUM ASOCIADOS;Hoteles y Hostales;HOTELES Y HOSTALES;01/10/2024;18/11/2025;3862,99;0,00;966,74;-966,74;100,00;3776,14;
05-2025 -> 05-2026;2866;LORCA;10;EDGAR WIDRIDO GRANDA;401394772;HOTEL RISCAL;4168;000015244;QUANTUM ASOCIADOS;Hoteles y Hostales;HOTELES Y HOSTALES;01/12/2024;03/10/2025;4841,80;0,00;1584,85;-1584,85;100,00;4732,94;
05-2025 -> 05-2026;2866;LORCA;16;FRANCISCO JOSE ASENSIO ;401399248;RESTAURANTE LAS MARINAS;9620;000019111;MANACA GOURMET;Restaurantes;RESTAURANTES (NO INCLUYE CHINO;01/01/2025;30/04/2026;5407,88;799,01;1601,68;-802,67;50,11;5286,30;
05-2025 -> 05-2026;2866;LORCA;02;BARTOLO .;401399427;BAR CARAMBA;9664;;;Bares y Cafeter¡as;BAR Y CAFETERIA;01/01/2025;05/11/2025;1505,25;0,00;713,27;-713,27;100,00;1471,41;
05-2025 -> 05-2026;2866;LORCA;02;BARTOLO .;401400116;KEBAB RICO;9627;;;Bares y Cafeter¡as;BAR Y CAFETERIA;01/02/2025;27/02/2025;1031,44;0,00;995,95;-995,95;100,00;995,95;
05-2025 -> 05-2026;2866;LORCA;05;JOSE SANCHEZ;401400403;HELADERIA DOLCE FUSION;9633;;;Bares y Cafeter¡as;BAR Y CAFETERIA;01/02/2025;13/05/2026;7408,69;127,05;3547,42;-3420,37;96,42;7156,60;
05-2025 -> 05-2026;2866;LORCA;02;BARTOLO .;401401059;DONER KEBAD PUENTE ALBERC;9842;;;Bares y Cafeter¡as;BAR Y CAFETERIA;01/03/2025;10/09/2025;1770,29;0,00;813,46;-813,46;100,00;1586,63;
05-2025 -> 05-2026;2866;LORCA;81;ANDRES MARIA CRUZ;401401133;COMERCIO DAMNOUN;32775;;;Conveniencia;TIENDA DE ALIMENTACION ETNICA ;01/03/2025;14/08/2025;1968,87;0,00;885,66;-885,66;100,00;1830,81;
05-2025 -> 05-2026;2866;LORCA;35;RAUL MARTINEZ ;401401655;RESTAURANTE CARRILLO;7123;;;Restaurantes;RESTAURANTES (NO INCLUYE CHINO;01/03/2025;07/05/2026;4388,79;115,46;1874,24;-1758,78;93,84;4063,03;
05-2025 -> 05-2026;2866;LORCA;73;JOSE MIGUEL ANDUJAR;401401746;HOTEL LA CATEDRAL;32817;000000229;HOTUSA (ASOCIADOS);Hoteles y Hostales;HOTELES Y HOSTALES;01/03/2025;23/04/2026;3446,08;193,92;800,60;-606,68;75,78;3088,21;
05-2025 -> 05-2026;2866;LORCA;35;RAUL MARTINEZ ;401402015;BAR COLON;9649;;;Bares y Cafeter¡as;BAR Y CAFETERIA;01/03/2025;03/09/2025;1505,56;0,00;735,25;-735,25;100,00;1348,59;
05-2025 -> 05-2026;2866;LORCA;81;ANDRES MARIA CRUZ;401402125;KIOSCO CARMEN SEVILLA;32819;;;Impulso Tradicional;KIOSCO FIJO (NO PROPIEDAD NEST;01/03/2025;22/08/2025;4552,93;0,00;1366,04;-1366,04;100,00;4057,72;
05-2025 -> 05-2026;2866;LORCA;81;ANDRES MARIA CRUZ;401402236;TERRAZA BAR ALSODUX;32823;;;Bares y Cafeter¡as;BAR Y CAFETERIA;01/03/2025;05/03/2026;3077,68;203,08;1142,18;-939,10;82,22;2750,91;
05-2025 -> 05-2026;2866;LORCA;35;RAUL MARTINEZ ;401402836;HELADERIA ANYAN;9655;;;Ocio;HELADERIAS/HORCHATERIAS;01/03/2025;08/05/2026;2671,09;688,32;1398,07;-709,75;50,77;2370,69;
05-2025 -> 05-2026;2866;LORCA;05;JOSE SANCHEZ;401403343;SUPERMERCADO CHARTER;8936;;;Hogar;SUPERMERCADOS CON 2 O MAS CAJA;01/04/2025;08/08/2025;1078,32;0,00;328,74;-328,74;100,00;963,84;
05-2025 -> 05-2026;2866;LORCA;80;JUAN LUIS GALLEGO ;401403410;PKO 24 HORAS INFIERNO;32762;000015235;PKO 24 HORAS;Conveniencia;PASTELERIAS/PANADERIAS/FRUTERI;01/04/2025;21/04/2026;2657,13;272,68;814,01;-541,33;66,50;2384,81;
05-2025 -> 05-2026;2866;LORCA;81;ANDRES MARIA CRUZ;401403956;E.S. SAN ISIDRO 12567;30653;000000282;CAMPSA-REPS-PETRON-ABANDE;Conveniencia;ESTACIONES DE SERVICIO / GASOL;01/04/2025;25/10/2025;2248,15;0,00;840,30;-840,30;100,00;2006,71;
05-2025 -> 05-2026;2866;LORCA;10;EDGAR WIDRIDO GRANDA;401403957;ARTESANOS DE PULPI;6063;;;Bares y Cafeter¡as;BAR Y CAFETERIA;01/04/2025;09/04/2025;1501,89;0,00;1345,07;-1345,07;100,00;1345,07;
05-2025 -> 05-2026;2866;LORCA;10;EDGAR WIDRIDO GRANDA;401404223;CARNICERIA FRUTERIA ATLAS;9651;;;Varios;VARIOS/OTROS NO CLASIFICABLES;01/04/2025;10/04/2025;1501,89;0,00;1345,07;-1345,07;100,00;1345,07;
05-2025 -> 05-2026;2866;LORCA;93;MARI CARMEN PREVENTA;401404662;PRISION VST (IES MARITIMO;30919;B6700;EIS MARITIMO, S.A.;Colectividades;CENTROS PENITENCIARIOS/EDUCATI;01/04/2025;23/09/2025;3437,72;0,00;806,40;-806,40;100,00;3087,36;
05-2025 -> 05-2026;2866;LORCA;81;ANDRES MARIA CRUZ;401404693;ALIMENTACION LOS HERMANOS;32841;;;Conveniencia;TIENDA DE ALIMENTACION ETNICA ;01/04/2025;09/08/2025;1325,85;0,00;443,15;-443,15;100,00;1186,63;
05-2025 -> 05-2026;2866;LORCA;81;ANDRES MARIA CRUZ;401404697;CHIRINGUITO J.EMILIO E HI;32842;;;Ocio;CHIRINGUITOS DE PLAYA/MERENDER;01/04/2025;24/04/2026;6261,46;280,24;1682,70;-1402,46;83,35;5595,44;
05-2025 -> 05-2026;2866;LORCA;72;JOSE MIGUEL  ACACIO;401407792;E.S. SANTO DOMINGO REPSOL;32856;;;Conveniencia;ESTACIONES DE SERVICIO / GASOL;01/05/2025;05/08/2025;2162,32;0,00;322,80;-322,80;100,00;1733,61;
