Periodo Hasta AA-Actual;C.Ofi;Oficina Venta;C.Prev;Preventa;Cod.Cliente;Nombre Comercial;Cod.Interno;Cod.Cad;Cadena;Agrupacion;Tipo Establecimiento;Fecha Alta;Ult.Comp.Helados;Msg.Marketing;
05-2025 -> 05-2026;2866;LORCA;81;ANDRES MARIA CRUZ;401378048;CHIRINGUITO PACO'S;30021;;;Ocio;CHIRINGUITOS DE PLAYA/MERENDER;01/03/2024;08/05/2026;PRD PR2025 14+5 (07/02/2025);
05-2025 -> 05-2026;2866;LORCA;72;JOSE MIGUEL  ACACIO;401348758;PUB TUDELA;32506;;;Bares y Cafeter¡as;BAR Y CAFETERIA;01/02/2023;03/04/2025;PRD PR2025 14+5 (03/04/2025);
05-2025 -> 05-2026;2866;LORCA;81;ANDRES MARIA CRUZ;401404553;CENTRO MAYORES LA GLORIA;32840;;;Varios;VARIOS/OTROS NO CLASIFICABLES;01/04/2025;24/05/2025;PRD PR2025 14+4 (17/04/2025);
05-2025 -> 05-2026;2866;LORCA;35;RAUL MARTINEZ ;866012914;PINAR LA DE  ALFAHUARA;7480;000017850;CAMPING SIERRA DE MARIA;Ocio;CAMPING/PISCINAS/POLIDEPORTIVO;25/06/2003;31/03/2026;PRD PR2025 22+6 (11/04/2025);
05-2025 -> 05-2026;2866;LORCA;81;ANDRES MARIA CRUZ;401180701;TIENDA PASEO LOS BA¥OS;31825;;;Conveniencia;TIENDA DE ALIMENTACION ETNICA ;11/02/2013;12/05/2026;PRD PR2025 14+5 (26/03/2025);
05-2025 -> 05-2026;2866;LORCA;73;JOSE MIGUEL ANDUJAR;401376873;SUPERMERCADO SAN JUAN 5;32675;;;Hogar;SUPERMERCADOS CON 2 O MAS CAJA;01/02/2024;16/09/2025;PRD PR2025 18+6 (11/03/2025);
05-2025 -> 05-2026;2866;LORCA;02;BARTOLO .;401400116;KEBAB RICO;9627;;;Bares y Cafeter¡as;BAR Y CAFETERIA;01/02/2025;27/02/2025;PRD PR2025 18+6 (24/02/2025);
05-2025 -> 05-2026;2866;LORCA;81;ANDRES MARIA CRUZ;401278072;BAR LA 3¦ EDAD;32740;;;Bares y Cafeter¡as;BAR Y CAFETERIA;02/09/2019;09/04/2026;PRD PR2025 14+4 (17/04/2025);
05-2025 -> 05-2026;2866;LORCA;73;JOSE MIGUEL ANDUJAR;401180842;BAR LOS PINOS;30298;;;Bares y Cafeter¡as;BAR Y CAFETERIA;15/04/2014;31/03/2026;PRD PR2025 14+4 (30/04/2025);
05-2025 -> 05-2026;2866;LORCA;81;ANDRES MARIA CRUZ;401402236;TERRAZA BAR ALSODUX;32823;;;Bares y Cafeter¡as;BAR Y CAFETERIA;01/03/2025;05/03/2026;PRD PR2025 14+5 (03/04/2025);
05-2025 -> 05-2026;2866;LORCA;02;BARTOLO .;401363453;HAO HAO BAZAR ALIMENTACIO;8371;;;Conveniencia;TIENDA DE ALIMENTACION ETNICA ;17/07/2023;25/04/2026;PRD PR2025 14+4 (17/04/2025);
05-2025 -> 05-2026;2866;LORCA;73;JOSE MIGUEL ANDUJAR;401402726;CAFETERIA VERACRUZ;32825;;;Bares y Cafeter¡as;BAR Y CAFETERIA;01/03/2025;05/06/2025;PRD PR2025 14+5 (03/04/2025);
05-2025 -> 05-2026;2866;LORCA;81;ANDRES MARIA CRUZ;401401133;COMERCIO DAMNOUN;32775;;;Conveniencia;TIENDA DE ALIMENTACION ETNICA ;01/03/2025;14/08/2025;PRD PR2025 14+5 (27/03/2025);
05-2025 -> 05-2026;2866;LORCA;73;JOSE MIGUEL ANDUJAR;401401741;24 HORAS NOVA II;32816;;;Bares y Cafeter¡as;BAR Y CAFETERIA;01/03/2025;27/03/2025;PRD PR2025 14+5 (27/03/2025);
05-2025 -> 05-2026;2866;LORCA;35;RAUL MARTINEZ ;866015099;HOGAR 3¦ EDAD MARIA;8525;;;Bares y Cafeter¡as;BAR Y CAFETERIA;03/07/2002;29/08/2025;PRD PR2025 22+7 (28/02/2025);
05-2025 -> 05-2026;2866;LORCA;02;BARTOLO .;401376685;BAR CABRERA;5877;;;Bares y Cafeter¡as;BAR Y CAFETERIA;01/02/2024;03/03/2026;PRD PR2025 18+6 (12/02/2025);
05-2025 -> 05-2026;2866;LORCA;02;BARTOLO .;401080515;E.S. LA CAMPANA;9660;8660194;ESTACION DE SERV.MUNUERA;Conveniencia;ESTACIONES DE SERVICIO / GASOL;11/04/2014;02/05/2025;PRD PR2025 14+5 (27/03/2025);
05-2025 -> 05-2026;2866;LORCA;73;JOSE MIGUEL ANDUJAR;401405735;CAFE BAR LA BRISA;32846;;;Bares y Cafeter¡as;BAR Y CAFETERIA;01/04/2025;30/04/2025;PRD PR2025 14+4 (30/04/2025);
05-2025 -> 05-2026;2866;LORCA;02;BARTOLO .;401377885;TRADY`S LORCA;5970;;;Bares y Cafeter¡as;BAR Y CAFETERIA;26/02/2024;09/05/2026;PRD PR2025 14+5 (20/03/2025);
05-2025 -> 05-2026;2866;LORCA;73;JOSE MIGUEL ANDUJAR;401246921;SUPERMERCADO LI;31669;;;Conveniencia;TIENDA DE ALIMENTACION ETNICA ;25/07/2018;29/08/2025;PRD PR2025 14+4 (30/04/2025);
05-2025 -> 05-2026;2866;LORCA;02;BARTOLO .;401338632;PAK DONER KEBAB;8959;;;Bares y Cafeter¡as;HAMBURGUESERIA/KEBAB/FAST FOOD;01/07/2022;24/07/2025;PRD PR2025 18+6 (27/02/2025);
05-2025 -> 05-2026;2866;LORCA;35;RAUL MARTINEZ ;401351610;LAGO DEL MESON;8994;;;Restaurantes;RESTAURANTES (NO INCLUYE CHINO;01/03/2023;08/08/2025;PRD PR2025 22+7 (14/02/2025);
05-2025 -> 05-2026;2866;LORCA;81;ANDRES MARIA CRUZ;401275376;FRUTERIA ROMERA;31847;;;Varios;VARIOS/OTROS NO CLASIFICABLES;01/07/2019;14/08/2025;PRD PR2025 14+4 (10/04/2025);
05-2025 -> 05-2026;2866;LORCA;80;JUAN LUIS GALLEGO ;401403410;PKO 24 HORAS INFIERNO;32762;000015235;PKO 24 HORAS;Conveniencia;PASTELERIAS/PANADERIAS/FRUTERI;01/04/2025;21/04/2026;PRD PR2025 14+5 (03/04/2025);
05-2025 -> 05-2026;2866;LORCA;72;JOSE MIGUEL  ACACIO;401198136;LA TAPERIA;32745;;;Restaurantes;RESTAURANTES (NO INCLUYE CHINO;01/03/2017;01/04/2025;PRD PR2025 22+7 (01/04/2025);
05-2025 -> 05-2026;2866;LORCA;33;DOMINGO GINER ;401350172;SUPER SOL BOLNUEVO;8419;;;Conveniencia;TIENDA DE ALIMENTACION ETNICA ;01/03/2023;04/08/2025;PRD PR2025 22+6 (02/05/2025);
05-2025 -> 05-2026;2866;LORCA;33;DOMINGO GINER ;401352658;SAL Y ALMAGRE;8673;;;Bares y Cafeter¡as;BAR Y CAFETERIA;01/03/2023;05/09/2025;PRD PR2025 22+6 (02/05/2025);
05-2025 -> 05-2026;2866;LORCA;81;ANDRES MARIA CRUZ;401180720;HOTEL ARENAS CENTER;50235;;;Hoteles y Hostales;HOTELES Y HOSTALES;19/03/2013;06/05/2026;PRD PR2025 14+4 (29/04/2025);
05-2025 -> 05-2026;2866;LORCA;81;ANDRES MARIA CRUZ;401326046;CHIRINGUITO CERVE KORAL;40119;;;Ocio;CHIRINGUITOS DE PLAYA/MERENDER;01/02/2022;06/05/2026;PRD PR2025 14+5 (02/04/2025);
05-2025 -> 05-2026;2866;LORCA;81;ANDRES MARIA CRUZ;401341055;KIOSCO PUERTO ROQUETAS;32468;;;Impulso Tradicional;KIOSCO FIJO (NO PROPIEDAD NEST;01/11/2022;23/08/2025;PRD PR2025 14+5 (04/04/2025);
05-2025 -> 05-2026;2866;LORCA;73;JOSE MIGUEL ANDUJAR;401270269;GASTROBAR COFFE;31816;;;Bares y Cafeter¡as;BAR Y CAFETERIA;01/05/2019;31/03/2026;PRD PR2025 14+4 (23/04/2025);
05-2025 -> 05-2026;2866;LORCA;73;JOSE MIGUEL ANDUJAR;401285109;MOLINOS 18;32691;;;Restaurantes;RESTAURANTES (NO INCLUYE CHINO;31/01/2020;01/04/2025;PRD PR2025 14+5 (01/04/2025);
05-2025 -> 05-2026;2866;LORCA;35;RAUL MARTINEZ ;866015086;KIOSCO BAKERIN;8778;000017850;CAMPING SIERRA DE MARIA;Bares y Cafeter¡as;BAR Y CAFETERIA;23/05/2006;25/07/2025;PRD PR2025 22+6 (30/04/2025);
05-2025 -> 05-2026;2866;LORCA;02;BARTOLO .;401401059;DONER KEBAD PUENTE ALBERC;9842;;;Bares y Cafeter¡as;BAR Y CAFETERIA;01/03/2025;10/09/2025;PRD PR2025 14+5 (03/04/2025);
05-2025 -> 05-2026;2866;LORCA;35;RAUL MARTINEZ ;400950485;BAR ANA;7991;;;Bares y Cafeter¡as;BAR Y CAFETERIA;15/02/2011;08/08/2025;PRD PR2025 18+6 (28/02/2025);
05-2025 -> 05-2026;2866;LORCA;81;ANDRES MARIA CRUZ;401180505;CAFE BAR ALMAZARA;32232;;;Bares y Cafeter¡as;BAR Y CAFETERIA;06/07/2009;13/05/2026;PRD PR2025 14+5 (02/04/2025);
05-2025 -> 05-2026;2866;LORCA;16;FRANCISCO JOSE ASENSIO ;401284948;KIOSCO PAQUITA;31918;;;Impulso Tradicional;KIOSCO FIJO (NO PROPIEDAD NEST;27/01/2020;11/09/2025;PRD PR2025 22+6 (24/04/2025);
05-2025 -> 05-2026;2866;LORCA;81;ANDRES MARIA CRUZ;401180229;PASTELERIA;30582;;;Conveniencia;PASTELERIAS/PANADERIAS/FRUTERI;13/06/1998;07/05/2026;PRD PR2025 14+5 (20/02/2025);
05-2025 -> 05-2026;2866;LORCA;02;BARTOLO .;866011091;BOCATERIA ¥AMPA ZAMPA;1091;;;Restaurantes;RESTAURANTES (NO INCLUYE CHINO;20/04/2005;13/05/2026;Cliente Momento Snacking;
05-2025 -> 05-2026;2866;LORCA;02;BARTOLO .;866012001;LORQUINO, MESON;5933;;;Restaurantes;RESTAURANTES (NO INCLUYE CHINO;01/01/1998;07/05/2026;Cliente Momento Snacking;
05-2025 -> 05-2026;2866;LORCA;35;RAUL MARTINEZ ;866012215;EL BOCADILLON;5404;;;Restaurantes;RESTAURANTES (NO INCLUYE CHINO;01/01/1998;01/05/2026;Cliente Momento Snacking;
05-2025 -> 05-2026;2866;LORCA;35;RAUL MARTINEZ ;866015036;LA PIZZA CAMPING;5036;;;Ocio;CHIRINGUITOS DE PLAYA/MERENDER;28/02/1998;08/05/2026;Cliente Momento Snacking;
05-2025 -> 05-2026;2866;LORCA;33;DOMINGO GINER ;866016003;RESTAURANTE EL CALDERO;5450;000008931;LOPEZ SALINERO, RICARDO;Restaurantes;RESTAURANTES (NO INCLUYE CHINO;03/03/2004;09/05/2026;Cliente Momento Snacking;
05-2025 -> 05-2026;2866;LORCA;16;FRANCISCO JOSE ASENSIO ;401094660;CAFETERIA MOYA;6978;;;Bares y Cafeter¡as;BAR Y CAFETERIA;18/08/2014;13/05/2026;Cliente Momento Snacking;
05-2025 -> 05-2026;2866;LORCA;03;MARTIN MANCHON;401117598;BAR LA FRONTERA;8307;;;Bares y Cafeter¡as;BAR Y CAFETERIA;03/02/2015;12/05/2026;Cliente Momento Snacking;
05-2025 -> 05-2026;2866;LORCA;03;MARTIN MANCHON;401166594;RESTAURANTE AUDITORIO;7720;;;Restaurantes;RESTAURANTES (NO INCLUYE CHINO;25/04/2016;20/02/2026;Cliente Momento Snacking;
05-2025 -> 05-2026;2866;LORCA;80;JUAN LUIS GALLEGO ;401180244;CHIRING. FLAMINGO PACO;30592;;;Ocio;CHIRINGUITOS DE PLAYA/MERENDER;30/04/2002;12/05/2026;Cliente Momento Snacking;
05-2025 -> 05-2026;2866;LORCA;81;ANDRES MARIA CRUZ;401180246;CAFETERIA HELAD. RAFA;35076;;;Bares y Cafeter¡as;BAR Y CAFETERIA;16/12/2002;05/05/2026;Cliente Momento Snacking;
05-2025 -> 05-2026;2866;LORCA;73;JOSE MIGUEL ANDUJAR;401180252;REST. LOS ARCOS;32458;;;Restaurantes;RESTAURANTES (NO INCLUYE CHINO;01/12/1997;13/05/2026;Cliente Momento Snacking;
05-2025 -> 05-2026;2866;LORCA;81;ANDRES MARIA CRUZ;401180269;LOS MARISCOS RESTAURANTE;31039;000017698;CENTRAL PARK CAFE;Restaurantes;RESTAURANTES (NO INCLUYE CHINO;13/04/2004;13/05/2026;Cliente Momento Snacking;
05-2025 -> 05-2026;2866;LORCA;81;ANDRES MARIA CRUZ;401230436;CHIRINGUITO LA BARRACA;30603;;;Ocio;CHIRINGUITOS DE PLAYA/MERENDER;01/02/2018;11/05/2026;Cliente Momento Snacking;
05-2025 -> 05-2026;2866;LORCA;80;JUAN LUIS GALLEGO ;401236977;CHIRINGUITO LA ORILLA;31005;000019237;CHIRINGUITO LA ORILLA;Ocio;CHIRINGUITOS DE PLAYA/MERENDER;23/04/2018;11/05/2026;Cliente Momento Snacking;
05-2025 -> 05-2026;2866;LORCA;80;JUAN LUIS GALLEGO ;401263661;BAR EL TONEL;32414;000017417;BAR EL TONEL;Bares y Cafeter¡as;BAR Y CAFETERIA;18/03/2019;05/09/2025;Cliente Momento Snacking;
05-2025 -> 05-2026;2866;LORCA;72;JOSE MIGUEL  ACACIO;401264672;RESTAURANTE ESPIGON;32037;;;Restaurantes;RESTAURANTES (NO INCLUYE CHINO;25/03/2019;13/05/2026;Cliente Momento Snacking;
05-2025 -> 05-2026;2866;LORCA;81;ANDRES MARIA CRUZ;401281500;CAFETERIA MALIBU;31897;;;Bares y Cafeter¡as;BAR Y CAFETERIA;11/12/2019;12/05/2026;Cliente Momento Snacking;
05-2025 -> 05-2026;2866;LORCA;16;FRANCISCO JOSE ASENSIO ;401307730;BAR HELADERIA MIRADOR;32096;;;Bares y Cafeter¡as;BAR Y CAFETERIA;19/03/2021;30/04/2026;Cliente Momento Snacking;
05-2025 -> 05-2026;2866;LORCA;03;MARTIN MANCHON;401317186;RESTAURANTE EL RAMONETERO;7516;;;Restaurantes;RESTAURANTES (NO INCLUYE CHINO;01/07/2021;06/12/2025;Cliente Momento Snacking;
05-2025 -> 05-2026;2866;LORCA;73;JOSE MIGUEL ANDUJAR;401324964;CAFETERIA AROMA Y SABOR;40500;;;Bares y Cafeter¡as;BAR Y CAFETERIA;10/01/2022;08/05/2026;Cliente Momento Snacking;
05-2025 -> 05-2026;2866;LORCA;35;RAUL MARTINEZ ;401333579;CAFFE & DRINK GORBEIA;8403;000018746;GORBEIA BUSSINES;Bares y Cafeter¡as;BAR Y CAFETERIA;01/05/2022;13/05/2026;Cliente Momento Snacking;
05-2025 -> 05-2026;2866;LORCA;72;JOSE MIGUEL  ACACIO;401349494;RESTAURANTE MAR AZUL;32683;;;Restaurantes;RESTAURANTES (NO INCLUYE CHINO;01/03/2023;24/04/2026;Cliente Momento Snacking;
05-2025 -> 05-2026;2866;LORCA;03;MARTIN MANCHON;401350318;CHIRINGUITO MAR RABIOSA;3528;000017515;CHIRINGUITO MAR  RABIOSA;Ocio;CHIRINGUITOS DE PLAYA/MERENDER;01/03/2023;08/05/2026;Cliente Momento Snacking;
05-2025 -> 05-2026;2866;LORCA;35;RAUL MARTINEZ ;401350321;HELADERIA SAN MIGUEL;8337;000017515;CHIRINGUITO MAR  RABIOSA;Ocio;HELADERIAS/HORCHATERIAS;01/03/2023;13/05/2026;Cliente Momento Snacking;
05-2025 -> 05-2026;2866;LORCA;16;FRANCISCO JOSE ASENSIO ;401350698;BAR RESTAURANTE LA HOYA;30736;;;Bares y Cafeter¡as;BAR Y CAFETERIA;01/03/2023;07/05/2026;Cliente Momento Snacking;
05-2025 -> 05-2026;2866;LORCA;02;BARTOLO .;401351257;CAFETERIA EL PUA;9622;;;Bares y Cafeter¡as;BAR Y CAFETERIA;01/03/2023;08/04/2026;Cliente Momento Snacking;
05-2025 -> 05-2026;2866;LORCA;16;FRANCISCO JOSE ASENSIO ;401356038;RTE. HOSTAL LA ISLETA;32572;;;Restaurantes;RESTAURANTES (NO INCLUYE CHINO;01/05/2023;28/04/2026;Cliente Momento Snacking;
05-2025 -> 05-2026;2866;LORCA;73;JOSE MIGUEL ANDUJAR;401363557;CAFETERIA LOS PIRINEOS;32888;;;Bares y Cafeter¡as;BAR Y CAFETERIA;01/07/2023;07/05/2026;Cliente Momento Snacking;
05-2025 -> 05-2026;2866;LORCA;73;JOSE MIGUEL ANDUJAR;401374285;CAFE BAR LA MAYOR;32357;;;Bares y Cafeter¡as;BAR Y CAFETERIA;01/01/2024;22/04/2026;Cliente Momento Snacking;
05-2025 -> 05-2026;2866;LORCA;80;JUAN LUIS GALLEGO ;401377191;BAR EL TONEL 3;32679;000017417;BAR EL TONEL;Bares y Cafeter¡as;BAR Y CAFETERIA;01/02/2024;13/02/2026;Cliente Momento Snacking;
05-2025 -> 05-2026;2866;LORCA;02;BARTOLO .;401377250;BAR EL SIBARITA;9463;;;Bares y Cafeter¡as;BAR Y CAFETERIA;12/02/2024;12/05/2026;Cliente Momento Snacking;
05-2025 -> 05-2026;2866;LORCA;81;ANDRES MARIA CRUZ;401378048;CHIRINGUITO PACO'S;30021;;;Ocio;CHIRINGUITOS DE PLAYA/MERENDER;01/03/2024;08/05/2026;Cliente Momento Snacking;
05-2025 -> 05-2026;2866;LORCA;03;MARTIN MANCHON;401379397;CHIRINGUITO HENROK;3607;000008918;CANAL NAUTICO;Ocio;CHIRINGUITOS DE PLAYA/MERENDER;01/03/2024;28/04/2026;Cliente Momento Snacking;
05-2025 -> 05-2026;2866;LORCA;03;MARTIN MANCHON;401379994;TAPERIA LAUMAR;8438;;;Bares y Cafeter¡as;BAR Y CAFETERIA;18/03/2024;30/04/2026;Cliente Momento Snacking;
05-2025 -> 05-2026;2866;LORCA;81;ANDRES MARIA CRUZ;401380421;CAFE HELADERIA JUDIT;32706;;;Bares y Cafeter¡as;BAR Y CAFETERIA;01/03/2024;13/05/2026;Cliente Momento Snacking;
05-2025 -> 05-2026;2866;LORCA;02;BARTOLO .;401381433;EL CHIRINGUITO MARIA;8452;000018356;CHIRINGUITO VELEZ BLANCO/;Ocio;CHIRINGUITOS DE PLAYA/MERENDER;01/04/2024;08/05/2026;Cliente Momento Snacking;
05-2025 -> 05-2026;2866;LORCA;02;BARTOLO .;401383700;VENTA MURCIA;9676;;;Restaurantes;RESTAURANTES (NO INCLUYE CHINO;01/04/2024;28/01/2026;Cliente Momento Snacking;
05-2025 -> 05-2026;2866;LORCA;73;JOSE MIGUEL ANDUJAR;401394587;RESTAURANTE LA LONJA;30447;;;Restaurantes;RESTAURANTES (NO INCLUYE CHINO;01/11/2024;12/05/2026;Cliente Momento Snacking;
