Semana-A¤o;C.Ofi;Oficina Venta;Cod.Cliente Winter;Nombre Comercial;CodigoInterno;Canal;Cuota Anual;Cuota Mes;Venta Mes;Dif. Mes;Cuota Cum;Venta Cum;Dif. Cum;
19-2026;2866;LORCA;401180428;HOTEL VERA PLAYA CLUB;70066;HELADO;14882,59;444,53;0,00;444,53;1033,14;1365,16;-332,02;
19-2026;2866;LORCA;401350887;CAFETERIA DULCE LUNA;10021;HELADO;2065,16;58,39;0,00;58,39;1247,98;0,00;1247,98;
19-2026;2866;LORCA;401221715;CAFETERIA PALMITO;35001;HELADO;1811,58;93,28;0,00;93,28;179,19;518,33;-339,14;
19-2026;2866;LORCA;401412463;EUROPIZZA ADRA;32885;HELADO;1148,06;21,41;0,00;21,41;163,76;0,00;163,76;
19-2026;2866;LORCA;401419107;RESTAURANTE AMORE;10107;HELADO;1000,00;25,82;0,00;25,82;197,30;187,92;9,38;
19-2026;2866;LORCA;400970112;CAMPING SIERRA ESPU¥A;1697;HELADO;5102,92;238,97;0,00;238,97;1234,98;1464,72;-229,74;
19-2026;2866;LORCA;401427611;ALMERIA NICO III SALON;39266;HELADO;900,00;23,22;0,00;23,22;0,00;0,00;0,00;
19-2026;2866;LORCA;401427638;SAN ISIDRO TREBOL SALON;39267;HELADO;900,00;23,22;0,00;23,22;0,00;0,00;0,00;
19-2026;2866;LORCA;401309250;CAFETERIA CARPEDIEM;10317;HELADO;597,41;143,38;0,00;143,38;0,00;310,84;-310,84;
19-2026;2866;LORCA;400930248;HELADERIA VENECIA;10444;HELADO;4971,68;199,86;-23,88;223,74;2024,80;527,38;1497,42;
19-2026;2866;LORCA;401180267;BUR POLLO HAMBURGUESERIA;30611;HELADO;1961,95;12,57;0,00;12,57;898,04;861,20;36,84;
19-2026;2866;LORCA;401360685;EUROCIEN;30638;HELADO;624,56;21,72;-61,08;82,80;420,88;175,32;245,56;
19-2026;2866;LORCA;401422870;EL BODEGON;30462;HELADO;8000,00;206,40;0,00;206,40;1179,20;958,13;221,07;
19-2026;2866;LORCA;401004541;SALON FESTIN;1701;HELADO;1113,84;103,03;0,00;103,03;363,70;103,00;260,70;
19-2026;2866;LORCA;401416021;BODEGA LOS SANCHEZ;30203;HELADO;1386,75;30,88;0,00;30,88;236,16;174,80;61,36;
19-2026;2866;LORCA;401401863;BAR LA PAMPA;8080;HELADO;3702,40;80,01;3,40;76,61;1901,00;1728,92;172,08;
19-2026;2866;LORCA;401413188;EL RINCON DE J&S;32891;HELADO;2473,62;58,61;0,00;58,61;443,59;0,00;443,59;
19-2026;2866;LORCA;401419397;VEGAPARK CENTRO DE OCIO I;32893;HELADO;1000,00;25,80;0,00;25,80;197,30;0,00;197,30;
19-2026;2866;LORCA;401423197;CAFETERIA OASIS VERA PLAY;10398;HELADO;1000,00;25,80;0,00;25,80;147,40;3,40;144,00;
19-2026;2866;LORCA;401180527;CAFE BAR REST.TIO FELIPE@;32844;HELADO;685,83;12,57;0,00;12,57;213,72;1042,59;-828,87;
19-2026;2866;LORCA;401363147;AREA DE SERVICIO AGETRANS;8940;HELADO;3129,32;86,51;0,00;86,51;1021,43;686,20;335,23;
19-2026;2866;LORCA;401402836;HELADERIA ANYAN;9655;HELADO;2671,09;54,22;0,00;54,22;1621,88;688,32;933,56;
19-2026;2866;LORCA;401421040;RESTAURANTE COTO RI¥ALES;7922;HELADO;1000,00;25,80;0,00;25,80;185,10;0,00;185,10;
19-2026;2866;LORCA;401426702;BOMBONI SWEET BAKERY;10393;HELADO;1000,00;25,80;0,00;25,80;111,20;0,00;111,20;
19-2026;2866;LORCA;401378998;DON SALVATORE-PANTERA ROS;8545;HELADO;583,61;35,24;0,00;35,24;126,67;0,00;126,67;
19-2026;2866;LORCA;401379397;CHIRINGUITO HENROK;3607;HELADO;8043,43;37,14;0,00;37,14;1571,48;1649,89;-78,41;
19-2026;2866;LORCA;401425613;CAFE BAR LA ESCUSA;10431;HELADO;1000,00;25,80;0,00;25,80;111,20;3,40;107,80;
19-2026;2866;LORCA;401403198;KIOSCO LA PACA;9670;HELADO;1215,29;21,55;0,00;21,55;454,09;751,32;-297,23;
19-2026;2866;LORCA;401327317;EL PUCHERO;8843;HELADO;2813,77;78,81;0,00;78,81;1533,53;1478,12;55,41;
19-2026;2866;LORCA;401374502;E.S. N§12144 REPSOL;70076;HELADO;1791,93;49,77;0,00;49,77;631,35;0,00;631,35;
19-2026;2866;LORCA;401313354;CHIRINGUITO EL CHUMBO;9596;HELADO;15294,24;212,78;0,00;212,78;2576,37;1526,86;1049,51;
19-2026;2866;LORCA;401351406;CLUB DE TENIS LOS ALAMOS;8494;HELADO;3351,14;78,24;0,00;78,24;1367,10;1118,20;248,90;
19-2026;2866;LORCA;400789750;CHIRINGUITO MACENAS PLAYA;8576;HELADO;4106,09;58,42;0,00;58,42;723,50;807,48;-83,98;
19-2026;2866;LORCA;401293781;PANADERIA HORTENSIA;31976;HELADO;539,10;85,44;0,00;85,44;0,00;394,92;-394,92;
19-2026;2866;LORCA;401314874;HONGYINN QI;9524;HELADO;3283,72;44,99;0,00;44,99;1195,29;1158,28;37,01;
19-2026;2866;LORCA;401427882;PAUSE COFFE COCKTAIL;32925;HELADO;17000,00;438,60;0,00;438,60;0,00;0,00;0,00;
19-2026;2866;LORCA;401351610;LAGO DEL MESON;8994;HELADO;3151,53;143,95;0,00;143,95;1370,87;0,00;1370,87;
19-2026;2866;LORCA;401180212;PARRITAS RESTAURANTE;32455;HELADO;1377,02;24,04;0,00;24,04;491,09;317,28;173,81;
19-2026;2866;LORCA;401383699;TIJUANA BURGUER S.L.;8450;HELADO;3337,22;211,19;0,00;211,19;362,67;1153,74;-791,07;
19-2026;2866;LORCA;401331765;KIOSCOS AREA CAMPER;8912;HELADO;1934,91;42,19;0,00;42,19;1008,03;0,00;1008,03;
19-2026;2866;LORCA;401426035;EXCALIBUR GASTRO BAR;9567;HELADO;1000,00;25,80;0,00;25,80;111,20;307,92;-196,72;
19-2026;2866;LORCA;401384595;TETERIA SABINAL;32734;HELADO;474,63;64,52;0,00;64,52;0,00;269,36;-269,36;
19-2026;2866;LORCA;401417443;RESTAURANTE LA CAVERNA;10219;HELADO;999,70;25,80;0,00;25,80;197,28;0,00;197,28;
19-2026;2866;LORCA;401321378;24 HORAS KOKI;32279;HELADO;5192,27;199,73;0,00;199,73;929,96;1167,36;-237,40;
19-2026;2866;LORCA;401421534;ASADERO CIUDAD JARDIN;9149;HELADO;1000,00;25,80;0,00;25,80;185,10;1302,80;-1117,70;
19-2026;2866;LORCA;401420809;PIZZERIA LA POSADA;9479;HELADO;1000,00;25,80;0,00;25,80;185,10;0,00;185,10;
19-2026;2866;LORCA;401357891;LOMF76 RES CIUDAD EL EJID;39548;HELADO;1762,39;47,85;0,00;47,85;0,00;194,88;-194,88;
19-2026;2866;LORCA;401348196;ENDULZATE;32501;HELADO;1959,23;17,10;0,00;17,10;756,81;842,64;-85,83;
19-2026;2866;LORCA;401408600;PENSION PLAYA TERREROS;10031;HELADO;1168,21;29,32;0,00;29,32;218,35;0,00;218,35;
19-2026;2866;LORCA;401423912;SUPER MOULOUD;8508;HELADO;1000,00;25,80;0,00;25,80;147,40;675,88;-528,48;
19-2026;2866;LORCA;401374285;CAFE BAR LA MAYOR;32357;HELADO;13534,44;333,28;0,00;333,28;3233,67;3376,08;-142,41;
19-2026;2866;LORCA;401338632;PAK DONER KEBAB;8959;HELADO;1999,62;0,00;0,00;0,00;920,96;0,00;920,96;
19-2026;2866;LORCA;401265512;CAFETERIA HELADERIA OCEAN;9105;HELADO;3887,49;79,99;0,00;79,99;1811,74;946,64;865,10;
19-2026;2866;LORCA;401324479;CHIRINGUITO EL HOYO 10;40729;HELADO;1133,77;82,63;0,00;82,63;227,82;0,00;227,82;
19-2026;2866;LORCA;401426143;PANADERIA CAMPILLO;10009;HELADO;1000,00;25,80;0,00;25,80;111,20;429,92;-318,72;
19-2026;2866;LORCA;401356491;LOI396 C.COMPA¥IA MARIA A;39836;HELADO;2057,46;207,06;0,00;207,06;0,00;0,00;0,00;
19-2026;2866;LORCA;401275376;FRUTERIA ROMERA;31847;HELADO;1657,35;42,47;0,00;42,47;752,06;0,00;752,06;
19-2026;2866;LORCA;401403747;CHIRINGUITO MANACA;9684;HELADO;10603,54;238,60;0,00;238,60;1824,61;0,00;1824,61;
19-2026;2866;LORCA;866011186;EST.SERVICIO CIUDAD SOL;1186;HELADO;2097,27;52,95;0,00;52,95;574,69;682,00;-107,31;
19-2026;2866;LORCA;401424328;MESON EL BUEN YANTAR;8095;HELADO;1000,00;25,80;0,00;25,80;147,40;1396,56;-1249,16;
19-2026;2866;LORCA;401180555;E.S. GONGORA 96945 AGUDLC;30141;HELADO;954,35;29,36;0,00;29,36;344,66;0,00;344,66;
19-2026;2866;LORCA;401405279;LA TIENDA DE CAMPER;32845;HELADO;503,87;78,90;0,00;78,90;122,05;0,00;122,05;
19-2026;2866;LORCA;401410447;AL GAJO;10024;HELADO;931,70;24,45;0,00;24,45;186,99;0,00;186,99;
19-2026;2866;LORCA;401211957;LAS PLANCHAS;8636;HELADO;2443,13;64,85;0,00;64,85;648,38;256,04;392,34;
19-2026;2866;LORCA;401405498;ECOSUR;9350;HELADO;913,46;138,99;0,00;138,99;183,04;0,00;183,04;
19-2026;2866;LORCA;401180708;CHIRINGUITO EL ANCLA@;30228;HELADO;2375,07;59,44;0,00;59,44;496,04;497,31;-1,27;
19-2026;2866;LORCA;401196612;E.S. LA ALQUERIA 96967;30692;HELADO;1384,64;31,41;0,00;31,41;266,42;0,00;266,42;
19-2026;2866;LORCA;401407339;ZIZOU PASTEL;9191;HELADO;3139,87;384,58;0,00;384,58;612,62;964,70;-352,08;
19-2026;2866;LORCA;401353069;CHIRINGUITO;8321;HELADO;1868,36;78,44;0,00;78,44;0,00;369,56;-369,56;
19-2026;2866;LORCA;401402236;TERRAZA BAR ALSODUX;32823;HELADO;3077,68;88,45;0,00;88,45;1343,51;203,08;1140,43;
19-2026;2866;LORCA;401427720;FRUTERIA COSTA AFRICA;31964;HELADO;4000,00;103,20;0,00;103,20;0,00;0,00;0,00;
19-2026;2866;LORCA;401363453;HAO HAO BAZAR ALIMENTACIO;8371;HELADO;1241,43;47,75;0,00;47,75;658,19;325,12;333,07;
19-2026;2866;LORCA;401377020;BAR EL CALLEJON;8693;HELADO;916,75;140,75;0,00;140,75;0,00;0,00;0,00;
19-2026;2866;LORCA;401403489;PANADERIA LA VIA;5755;HELADO;545,60;0,00;0,00;0,00;463,86;0,00;463,86;
19-2026;2866;LORCA;401232174;SUPERMERCADO YIN;30925;HELADO;2078,62;81,94;0,00;81,94;883,58;1103,36;-219,78;
19-2026;2866;LORCA;401422778;COGE LA LUNA;30262;HELADO;1200,00;30,96;0,00;30,96;176,88;0,00;176,88;
19-2026;2866;LORCA;401426046;HELADERIA SWEET MARTINA;32913;HELADO;20000,00;607,06;0,00;607,06;2616,47;0,00;2616,47;
19-2026;2866;LORCA;401417160;TOSTADELIA;9654;HELADO;5998,20;154,78;0,00;154,78;1183,68;561,56;622,12;
19-2026;2866;LORCA;401407498;BAZAR ZAAIM;10017;HELADO;1292,21;196,90;0,00;196,90;245,45;0,00;245,45;
19-2026;2866;LORCA;401423136;TIENDA DE PASO;32902;HELADO;1000,00;25,80;0,00;25,80;147,40;0,00;147,40;
19-2026;2866;LORCA;401180518;PIZZERIA SINGAPUR I;30977;HELADO;2157,95;35,34;0,00;35,34;455,26;569,30;-114,04;
19-2026;2866;LORCA;866010287;RTE. FUENTE DEL HILO;8851;HELADO;2321,05;91,29;0,00;91,29;1175,13;1409,91;-234,78;
19-2026;2866;LORCA;401278072;BAR LA 3¦ EDAD;32740;HELADO;3906,88;88,86;0,00;88,86;768,30;336,84;431,46;
19-2026;2866;LORCA;401410346;QUE DULCE TENTACION!!;32517;HELADO;981,27;25,47;0,00;25,47;194,81;295,36;-100,55;
19-2026;2866;LORCA;401380050;CLUB PADEL INDROV;32487;HELADO;834,89;39,66;0,00;39,66;404,17;413,60;-9,43;
19-2026;2866;LORCA;401352188;CHIRINGUITO EL PLAYAZO;8341;HELADO;2095,23;21,41;0,00;21,41;574,13;585,96;-11,83;
19-2026;2866;LORCA;401160768;RESTAURANTE NAUTICO;7100;HELADO;1427,75;52,54;0,00;52,54;265,21;473,40;-208,19;
19-2026;2866;LORCA;401356184;LONG76 COLEGIO VALDESERRA;39834;HELADO;2776,83;84,85;0,00;84,85;730,67;1105,44;-374,77;
19-2026;2866;LORCA;401236800;HOTEL CABO GATA BEACH;30998;HELADO;15281,80;159,64;0,00;159,64;3232,47;318,48;2913,99;
19-2026;2866;LORCA;401420487;LA DESPENSA DE TANI;10144;HELADO;2000,00;51,60;0,00;51,60;370,20;1749,78;-1379,58;
19-2026;2866;LORCA;401410707;EL ENCUENTRO TIPICO;10030;HELADO;1323,13;32,19;0,00;32,19;246,18;677,28;-431,10;
19-2026;2866;LORCA;401425340;CARNICERIA SAID;9038;HELADO;1500,00;38,70;0,00;38,70;166,80;903,96;-737,16;
19-2026;2866;LORCA;401355922;L0ID67 COCI C.ALMERIA1931;39832;HELADO;3724,05;141,42;0,00;141,42;0,00;0,00;0,00;
19-2026;2866;LORCA;401408223;KIOSCO ARENA Y AZUCAR;32858;HELADO;7119,71;180,02;0,00;180,02;1347,05;0,00;1347,05;
19-2026;2866;LORCA;401307730;BAR HELADERIA MIRADOR;32096;HELADO;29900,64;587,73;0,00;587,73;7496,89;5735,85;1761,04;
19-2026;2866;LORCA;401377171;ALIMENTACION XU;5701;HELADO;1952,97;84,81;0,00;84,81;900,31;1012,40;-112,09;
19-2026;2866;LORCA;401379994;TAPERIA LAUMAR;8438;HELADO;1544,59;63,08;0,00;63,08;241,82;972,24;-730,42;
19-2026;2866;LORCA;401374369;BAR EL PUERTO;31919;HELADO;3883,82;341,77;0,00;341,77;849,90;0,00;849,90;
19-2026;2866;LORCA;401241726;DUMBO-LORCA;70026;HELADO;4287,62;149,97;0,00;149,97;0,00;0,00;0,00;
19-2026;2866;LORCA;401421030;FUTERIA JUAN Y LOLI;8302;HELADO;1000,00;25,80;0,00;25,80;185,10;749,48;-564,38;
19-2026;2866;LORCA;401180748;MOJITO PLAYA;31875;HELADO;1089,39;48,53;0,00;48,53;486,48;215,50;270,98;
19-2026;2866;LORCA;401425612;ALIMENTACION JIN TOTANA;10430;HELADO;1000,00;25,80;0,00;25,80;111,20;167,36;-56,16;
19-2026;2866;LORCA;401407595;ALEA 2 BAR;10018;HELADO;1084,64;21,45;0,00;21,45;164,06;33,33;130,73;
19-2026;2866;LORCA;401348758;PUB TUDELA;32506;HELADO;687,04;0,00;0,00;0,00;687,04;0,00;687,04;
19-2026;2866;LORCA;401180654;KIOSCO ROGELIO;30204;HELADO;12902,63;330,24;0,00;330,24;0,00;0,00;0,00;
19-2026;2866;LORCA;401404958;PISCINA PADULES;32843;HELADO;6518,24;146,97;0,00;146,97;1123,94;0,00;1123,94;
19-2026;2866;LORCA;401337927;BAR SOPALMO;8901;HELADO;1054,91;12,74;0,00;12,74;213,06;460,23;-247,17;
19-2026;2866;LORCA;401331425;BAR FUENTES;8077;HELADO;1667,52;52,27;0,00;52,27;792,83;722,88;69,95;
19-2026;2866;LORCA;401180297;HOTEL VICTORIA;30639;HELADO;4986,55;236,64;0,00;236,64;1156,85;1146,94;9,91;
19-2026;2866;LORCA;401413224;TODO MARKET ALIMEN.EUROPA;10047;HELADO;2197,28;64,83;0,00;64,83;495,79;1102,04;-606,25;
19-2026;2866;LORCA;401398969;RESTAURANTE ASIATICA;9617;HELADO;1408,04;13,87;0,00;13,87;0,00;233,23;-233,23;
19-2026;2866;LORCA;401271067;PANADERIA COYFER;8599;HELADO;5463,78;352,44;0,00;352,44;0,00;1486,96;-1486,96;
19-2026;2866;LORCA;401419359;RESTURANTE CHINO PEKIN 5;9447;HELADO;1000,00;25,80;0,00;25,80;197,30;41,28;156,02;
19-2026;2866;LORCA;866010455;E.S. EL SARGENTO;455;HELADO;2087,27;86,68;0,00;86,68;536,77;742,00;-205,23;
19-2026;2866;LORCA;401421288;ALIMENTACION CRISVAN;32144;HELADO;5500,00;141,90;0,00;141,90;1018,05;935,88;82,17;
19-2026;2866;LORCA;866011509;BAR CASINO;10176;HELADO;1272,51;75,27;0,00;75,27;220,15;24,61;195,54;
19-2026;2866;LORCA;401413477;ANTOJITOS VALLUNO;10013;HELADO;7632,41;190,12;0,00;190,12;1447,49;1290,13;157,36;
19-2026;2866;LORCA;401404223;CARNICERIA FRUTERIA ATLAS;9651;HELADO;1501,89;0,00;0,00;0,00;1501,89;0,00;1501,89;
19-2026;2866;LORCA;401404553;CENTRO MAYORES LA GLORIA;32840;HELADO;836,26;26,32;0,00;26,32;726,58;0,00;726,58;
19-2026;2866;LORCA;401261412;E.S.BP VERA;8392;HELADO;611,09;146,66;0,00;146,66;0,00;0,00;0,00;
19-2026;2866;LORCA;401419038;LA JOVITA PLAYA;8909;HELADO;1000,00;25,82;0,00;25,82;197,30;0,00;197,30;
19-2026;2866;LORCA;401181261;HOTEL MARINA MAR;30508;HELADO;16261,24;353,61;0,00;353,61;0,00;0,00;0,00;
19-2026;2866;LORCA;401231343;FRUTAS V;32070;HELADO;1542,24;55,40;0,00;55,40;519,24;478,84;40,40;
19-2026;2866;LORCA;401425876;HELADERIA MUSSOS;10433;HELADO;1000,00;25,80;0,00;25,80;111,20;607,47;-496,27;
19-2026;2866;LORCA;401254674;BAR VISTA ALEGRE;31163;HELADO;2492,76;77,26;0,00;77,26;667,72;1094,00;-426,28;
19-2026;2866;LORCA;401384952;RESTARUANTE EL PASO;8554;HELADO;1141,00;137,44;0,00;137,44;0,00;0,00;0,00;
19-2026;2866;LORCA;401269420;RTE. LOS BARTOLOS;537;HELADO;1651,34;137,69;0,00;137,69;473,65;0,00;473,65;
19-2026;2866;LORCA;401412125;IS 'BLISS DESERT ROOM';9566;HELADO;2193,64;63,24;0,00;63,24;483,59;0,00;483,59;
19-2026;2866;LORCA;401374284;CHIRINGUITO PESETA BAHIA ;32286;HELADO;4694,18;70,48;0,00;70,48;1015,01;1202,20;-187,19;
19-2026;2866;LORCA;401420568;KEBAB JISMA;10330;HELADO;1000,00;25,80;0,00;25,80;185,10;0,00;185,10;
19-2026;2866;LORCA;401180423;HOTEL PLAYA ZIMBALI;70061;HELADO;50081,61;641,17;0,00;641,17;0,00;0,00;0,00;
19-2026;2866;LORCA;400973373;CAFETERIA PIZZERIA VIGGOS;2295;HELADO;17238,03;458,31;0,00;458,31;5293,04;0,00;5293,04;
19-2026;2866;LORCA;401420348;E.S. OJEDA ALICUN;30053;HELADO;7500,00;193,50;0,00;193,50;1388,25;1396,56;-8,31;
19-2026;2866;LORCA;401180282;TIENDA ENIX;30625;HELADO;1050,98;49,26;0,00;49,26;0,00;0,00;0,00;
19-2026;2866;LORCA;401426972;EL CASINO;32919;HELADO;2500,00;64,50;0,00;64,50;278,00;678,88;-400,88;
19-2026;2866;LORCA;400987369;RTE.CHINO FU ZAOU CHAOU;9283;HELADO;3134,94;54,09;0,00;54,09;1019,98;1018,09;1,89;
19-2026;2866;LORCA;401403763;HOTEL CORTIJO EL SOTILLO;32835;HELADO;904,53;23,91;0,00;23,91;182,88;0,00;182,88;
19-2026;2866;LORCA;401408071;CARNICERIA MORALES;9454;HELADO;411,26;33,74;0,00;33,74;77,52;34,08;43,44;
19-2026;2866;LORCA;401410206;QUICKSAVE-CAMPOSOL;9693;HELADO;1635,17;38,36;0,00;38,36;293,36;0,00;293,36;
19-2026;2866;LORCA;866010215;ESTACION DE SERV.EUROPA;215;HELADO;3224,28;169,45;0,00;169,45;880,02;1066,76;-186,74;
19-2026;2866;LORCA;866012613;LOS ROSALES, BAR;2613;HELADO;1169,28;31,54;0,00;31,54;809,12;742,08;67,04;
19-2026;2866;LORCA;401180676;COLEGIO SEK ALBORAN;30213;HELADO;1812,92;184,79;0,00;184,79;0,00;0,00;0,00;
19-2026;2866;LORCA;401424482;SUPER SANDI;54;HELADO;1000,00;25,80;0,00;25,80;147,40;825,40;-678,00;
19-2026;2866;LORCA;401409743;TABERNA DE SANTI;32866;HELADO;1521,81;39,13;0,00;39,13;299,27;0,00;299,27;
19-2026;2866;LORCA;401210141;ACUARION ROQUETAS;30822;HELADO;1449,00;60,77;0,00;60,77;0,00;0,00;0,00;
19-2026;2866;LORCA;401395236;CAFETERIA ANLU;5788;HELADO;808,99;0,00;0,00;0,00;808,99;0,00;808,99;
19-2026;2866;LORCA;401410056;CHIRINGUITO LA MEDUSA;9166;HELADO;5137,34;137,75;0,00;137,75;1053,45;0,00;1053,45;
19-2026;2866;LORCA;401424703;GUSTO RISTORANTE PIZZERIA;10422;HELADO;1000,00;25,80;0,00;25,80;111,20;0,00;111,20;
19-2026;2866;LORCA;401407792;E.S. SANTO DOMINGO REPSOL;32856;HELADO;2162,32;330,24;0,00;330,24;388,84;0,00;388,84;
19-2026;2866;LORCA;401180319;HOTEL ZORAIDA GARDEN;50659;HELADO;9357,75;72,01;0,00;72,01;56,96;0,00;56,96;
19-2026;2866;LORCA;400744799;E.S. PLAYASO PERCHELES;5160;HELADO;2211,43;27,95;0,00;27,95;494,63;496,20;-1,57;
19-2026;2866;LORCA;401285687;E.S.BAYO LIROLA 33089 REP;39527;HELADO;6878,72;130,40;0,00;130,40;1319,15;1487,36;-168,21;
19-2026;2866;LORCA;401232852;PIZZERIA TREVI PLAYA;9097;HELADO;1259,31;6,63;0,00;6,63;711,51;688,68;22,83;
19-2026;2866;LORCA;401181250;CAFE PUB EIVISSA;30497;HELADO;1319,92;77,81;0,00;77,81;312,65;645,08;-332,43;
19-2026;2866;LORCA;401404241;EXCALIBUR 501;32719;HELADO;1302,86;35,99;0,00;35,99;805,28;877,08;-71,80;
19-2026;2866;LORCA;401423078;REST. COPO MARTIN;10336;HELADO;1000,00;25,80;0,00;25,80;147,40;655,40;-508,00;
19-2026;2866;LORCA;401412889;AKASH DONER KEBAB;10042;HELADO;2039,42;41,76;0,00;41,76;319,34;0,00;319,34;
19-2026;2866;LORCA;401426381;CAFETERIA MAREA;10339;HELADO;1000,00;25,80;0,00;25,80;111,20;3,40;107,80;
19-2026;2866;LORCA;401402209;RTE.GNOMO FELIX;9609;HELADO;1056,47;8,89;0,00;8,89;254,49;103,00;151,49;
19-2026;2866;LORCA;401412753;E.S.ALMERIENSE;32886;HELADO;714,93;21,43;0,00;21,43;163,89;0,00;163,89;
19-2026;2866;LORCA;401180626;HELADERIA VENECIA;30187;HELADO;3114,66;90,11;0,00;90,11;1050,88;1468,48;-417,60;
19-2026;2866;LORCA;401271582;PUB LA TORRE;32270;HELADO;743,08;144,68;0,00;144,68;0,00;651,28;-651,28;
19-2026;2866;LORCA;401325621;ALIMENTACION MULTIPRECIO;8259;HELADO;2816,51;29,12;0,00;29,12;969,20;1194,44;-225,24;
19-2026;2866;LORCA;401390554;CLUB PETANCA SAN DIEGO;9026;HELADO;470,68;77,16;0,00;77,16;0,00;0,00;0,00;
19-2026;2866;LORCA;401419892;BAR CARRERAS;10351;HELADO;1000,00;25,80;0,00;25,80;197,30;7,48;189,82;
19-2026;2866;LORCA;401250559;BAR EL BARRO;32741;HELADO;5042,82;105,43;0,00;105,43;1919,99;1346,89;573,10;
19-2026;2866;LORCA;401427451;CAFETERIA SABORA;7296;HELADO;1000,00;25,80;0,00;25,80;111,20;0,00;111,20;
19-2026;2866;LORCA;401420226;ESTAURANTE PE¥ARRUBIA;2008;HELADO;1000,00;25,80;0,00;25,80;185,10;0,00;185,10;
19-2026;2866;LORCA;401180252;REST. LOS ARCOS;32458;HELADO;7473,16;128,19;0,00;128,19;2711,79;2121,74;590,05;
19-2026;2866;LORCA;401389309;CAMPING PALOMARES TAIGA;10022;HELADO;6256,61;180,50;0,00;180,50;940,03;0,00;940,03;
19-2026;2866;LORCA;401288253;E.S.A.LFARO N§10326;39530;HELADO;3025,00;111,31;0,00;111,31;689,45;1021,36;-331,91;
19-2026;2866;LORCA;401181007;REST.ANICETO;30363;HELADO;2559,21;92,01;0,00;92,01;184,55;587,03;-402,48;
19-2026;2866;LORCA;401421938;TIENDA COMESTIBLES;32329;HELADO;1000,00;25,80;0,00;25,80;147,40;906,04;-758,64;
19-2026;2866;LORCA;401411723;BARISTA 38;32880;HELADO;464,03;17,58;0,00;17,58;134,44;0,00;134,44;
19-2026;2866;LORCA;401376685;BAR CABRERA;5877;HELADO;3517,40;59,68;0,00;59,68;1141,44;22,22;1119,22;
19-2026;2866;LORCA;401264672;RESTAURANTE ESPIGON;32037;HELADO;6688,66;132,77;0,00;132,77;1013,28;1217,27;-203,99;
19-2026;2866;LORCA;401422387;BAR 3¦ EDAD LA LOMA DE LA;32606;HELADO;1000,00;25,80;0,00;25,80;147,40;832,24;-684,84;
19-2026;2866;LORCA;866012600;BAR LA PARRA;2600;HELADO;995,80;63,83;0,00;63,83;193,17;0,00;193,17;
19-2026;2866;LORCA;401360794;LA TABERNA DE MIGUEL;39116;HELADO;1038,21;25,31;0,00;25,31;393,51;236,59;156,92;
19-2026;2866;LORCA;401298900;CAFE BAR LATINOS;32068;HELADO;587,05;0,00;0,00;0,00;143,92;0,00;143,92;
19-2026;2866;LORCA;866015127;CAFETERIA PUERTO REY;5127;HELADO;8431,91;30,07;0,00;30,07;2363,44;2105,44;258,00;
19-2026;2866;LORCA;401406487;CARAVANA LAS 3 HERMANAS;31998;HELADO;8071,61;166,56;0,00;166,56;1273,70;0,00;1273,70;
19-2026;2866;LORCA;401180199;EL CUARTEL BAR;30557;HELADO;1135,94;0,00;0,00;0,00;350,17;0,00;350,17;
19-2026;2866;LORCA;401427588;HELADERIA CAFETERIA BORON;10458;HELADO;15000,00;523,82;0,00;523,82;0,00;0,00;0,00;
19-2026;2866;LORCA;401305758;ASADOR ISLA DEL FRAILE;9428;HELADO;916,16;27,58;0,00;27,58;210,66;114,00;96,66;
19-2026;2866;LORCA;401422786;HELADERIA DIMI;10404;HELADO;5000,00;129,00;0,00;129,00;737,00;0,00;737,00;
19-2026;2866;LORCA;401341055;KIOSCO PUERTO ROQUETAS;32468;HELADO;4118,50;199,78;0,00;199,78;1201,45;0,00;1201,45;
19-2026;2866;LORCA;401423926;RESTAURANTE CASA MARIA;4179;HELADO;1000,00;25,80;0,00;25,80;147,40;794,40;-647,00;
19-2026;2866;LORCA;401123917;EL CINE BAR;7288;HELADO;1110,23;143,16;0,00;143,16;76,60;64,00;12,60;
19-2026;2866;LORCA;401414524;PATRULLERO CENTINELA (P-7;39600;HELADO;698,87;16,80;0,00;16,80;128,50;0,00;128,50;
19-2026;2866;LORCA;401309099;BAZAR DRAGON;32222;HELADO;2123,71;35,15;0,00;35,15;860,86;729,04;131,82;
19-2026;2866;LORCA;401424315;MESON MURCIANO;10334;HELADO;1000,00;25,80;0,00;25,80;147,40;53,16;94,24;
19-2026;2866;LORCA;401288633;CAFE HELAD.AIRE DE MAR;31938;HELADO;1112,94;32,09;0,00;32,09;467,68;493,41;-25,73;
19-2026;2866;LORCA;401307916;ALIMENTACION EL BUEN PREC;8231;HELADO;1534,74;79,56;0,00;79,56;218,54;446,92;-228,38;
19-2026;2866;LORCA;401406268;CARNICERIA HALAL PTO.LUMB;9544;HELADO;2004,27;239,84;0,00;239,84;362,79;0,00;362,79;
19-2026;2866;LORCA;401350169;SUPERMERCADO SUPER SOL;8972;HELADO;2442,57;159,23;0,00;159,23;701,56;885,32;-183,76;
19-2026;2866;LORCA;401423196;CAFETERIA OASIS;10397;HELADO;1000,00;25,80;0,00;25,80;147,40;0,00;147,40;
19-2026;2866;LORCA;401409698;MATXAKA;9576;HELADO;1322,75;32,18;0,00;32,18;246,12;0,00;246,12;
19-2026;2866;LORCA;401402961;T09 SUPER DANI;39559;HELADO;1138,67;11,37;0,00;11,37;311,60;273,06;38,54;
19-2026;2866;LORCA;401182674;BAR MARCOS;7899;HELADO;623,11;12,74;0,00;12,74;218,08;330,84;-112,76;
19-2026;2866;LORCA;401405106;TIENDA MONICA;9687;HELADO;1081,99;67,58;0,00;67,58;665,91;608,84;57,07;
19-2026;2866;LORCA;401415307;HELADERIA PINGUINO;32303;HELADO;1999,40;51,59;0,00;51,59;394,56;0,00;394,56;
19-2026;2866;LORCA;401386246;BAR EL PUENTE;2949;HELADO;559,62;0,00;0,00;0,00;13,26;0,00;13,26;
19-2026;2866;LORCA;401180453;TIENDA MINIMERCADO;30079;HELADO;1987,41;-23,97;0,00;-23,97;855,71;0,00;855,71;
19-2026;2866;LORCA;401427364;CAFETERIA HOSPITAL PONIEN;39572;HELADO;2000,00;51,60;0,00;51,60;222,40;0,00;222,40;
19-2026;2866;LORCA;401421033;BAR COLOMBO;10375;HELADO;1000,00;25,80;0,00;25,80;185,10;1033,92;-848,82;
19-2026;2866;LORCA;866015689;CAFETERIA LA FUNDICION;9294;HELADO;599,36;82,46;0,00;82,46;0,00;0,00;0,00;
19-2026;2866;LORCA;401181266;E.S.BP LA COSTA;30512;HELADO;444,91;55,55;0,00;55,55;0,00;0,00;0,00;
19-2026;2866;LORCA;401384589;CAFE BAR CRISELLA;32335;HELADO;1822,03;135,42;0,00;135,42;105,03;551,97;-446,94;
19-2026;2866;LORCA;401363224;SUPERMERCADO PLAYATE;8434;HELADO;1466,94;-19,56;0,00;-19,56;228,80;0,00;228,80;
19-2026;2866;LORCA;401332448;CAFETERIA CERO CAFE;30336;HELADO;1935,37;71,51;0,00;71,51;450,82;0,00;450,82;
19-2026;2866;LORCA;401285109;MOLINOS 18;32691;HELADO;684,25;0,00;0,00;0,00;684,25;0,00;684,25;
19-2026;2866;LORCA;401424769;CAFETERIA SANTI 2;10423;HELADO;1000,00;25,80;0,00;25,80;111,20;0,00;111,20;
19-2026;2866;LORCA;401414013;ARREA;10138;HELADO;876,94;24,17;0,00;24,17;184,83;0,00;184,83;
19-2026;2866;LORCA;401262371;CASA DIEGO 3¦EDAD;32015;HELADO;1633,44;57,67;0,00;57,67;212,27;0,00;212,27;
19-2026;2866;LORCA;866011264;PANADERIA COYFER, S.L.;1264;HELADO;6730,47;60,17;0,00;60,17;1468,49;1573,64;-105,15;
19-2026;2866;LORCA;401425761;CAFETERIA PUZZLE;32911;HELADO;1500,00;38,70;0,00;38,70;166,80;735,24;-568,44;
19-2026;2866;LORCA;401285807;RESTAURANTE NEW PONGO;9402;HELADO;652,43;8,82;0,00;8,82;96,95;214,82;-117,87;
19-2026;2866;LORCA;401373979;BAR LA PALESTRA;8366;HELADO;3063,06;43,59;0,00;43,59;1129,29;106,32;1022,97;
19-2026;2866;LORCA;401427884;SALONES DE JUEGO CIRSA;39268;HELADO;900,00;23,22;0,00;23,22;0,00;0,00;0,00;
19-2026;2866;LORCA;401181220;DULCE Y SALADO Y MAS;32636;HELADO;2000,78;6,63;0,00;6,63;845,32;712,40;132,92;
19-2026;2866;LORCA;401400151;KIOSCO LA ISLETA;32768;HELADO;22573,73;520,38;0,00;520,38;3979,47;2519,24;1460,23;
19-2026;2866;LORCA;401409980;CAFETERIA A MI MANERA;32865;HELADO;1055,48;26,90;0,00;26,90;205,70;0,00;205,70;
19-2026;2866;LORCA;866012914;PINAR LA DE  ALFAHUARA;7480;HELADO;6953,58;17,54;0,00;17,54;1854,92;1555,32;299,60;
19-2026;2866;LORCA;866016307;RESTAURANTE DON TADEO;6307;HELADO;3409,94;171,37;0,00;171,37;1030,83;617,18;413,65;
19-2026;2866;LORCA;401324411;CAFETERIA STUDIO 54;8298;HELADO;1939,14;121,57;0,00;121,57;969,42;0,00;969,42;
19-2026;2866;LORCA;401180285;BP ESTACION DE SERVICIO;32435;HELADO;1994,92;91,18;0,00;91,18;700,44;707,96;-7,52;
19-2026;2866;LORCA;401374340;TIENDA ROZZ;32359;HELADO;2229,46;64,28;0,00;64,28;778,12;869,28;-91,16;
19-2026;2866;LORCA;401383698;CENTRO SOCIAL PASTRANA;8432;HELADO;1111,34;53,93;0,00;53,93;279,35;0,00;279,35;
19-2026;2866;LORCA;400918477;CASA PEPE;7122;HELADO;2108,97;85,95;0,00;85,95;747,43;771,12;-23,69;
19-2026;2866;LORCA;401417147;HELADERIA ALEXIS;32656;HELADO;967,86;25,39;0,00;25,39;194,18;0,00;194,18;
19-2026;2866;LORCA;401403550;RESTAURANTE EL AMANECER;9198;HELADO;1175,38;56,69;0,00;56,69;258,36;0,00;258,36;
19-2026;2866;LORCA;401180701;TIENDA PASEO LOS BA¥OS;31825;HELADO;3408,76;123,85;0,00;123,85;951,21;0,00;951,21;
19-2026;2866;LORCA;401405142;E.S.P.I.SAPRELORCA HNOS.M;9659;HELADO;1501,84;35,72;0,00;35,72;273,20;329,48;-56,28;
19-2026;2866;LORCA;401274874;BAR GALERA;9586;HELADO;3983,18;98,92;0,00;98,92;1485,92;1788,06;-302,14;
19-2026;2866;LORCA;401378577;RTE.RINCON DEL ZAHON;8575;HELADO;2045,56;17,90;0,00;17,90;467,38;24,12;443,26;
19-2026;2866;LORCA;401403760;HOTEL DO¥A PAKITA;32834;HELADO;4866,81;112,56;0,00;112,56;860,75;0,00;860,75;
19-2026;2866;LORCA;401180815;RTE.BAR ALKANZIYA;31778;HELADO;2526,98;24,40;0,00;24,40;837,73;201,90;635,83;
19-2026;2866;LORCA;401180492;REST. LA BODEGUILLA;30105;HELADO;976,15;50,96;0,00;50,96;182,13;23,94;158,19;
19-2026;2866;LORCA;401410395;PISCINA ALHABIA;32884;HELADO;3241,77;79,17;0,00;79,17;605,45;0,00;605,45;
19-2026;2866;LORCA;401180388;VENTA EL MOLINO;30669;HELADO;515,02;11,80;0,00;11,80;115,46;0,00;115,46;
19-2026;2866;LORCA;401180200;SANTA MARIA BAR;30558;HELADO;1292,98;41,81;0,00;41,81;525,67;580,70;-55,03;
19-2026;2866;LORCA;401180366;ZORAIDA PARK GRANELES;30020;HELADO;14317,17;176,34;0,00;176,34;320,85;0,00;320,85;
19-2026;2866;LORCA;401403410;PKO 24 HORAS INFIERNO;32762;HELADO;2657,13;161,18;0,00;161,18;889,04;272,68;616,36;
19-2026;2866;LORCA;401231920;CAFETERIA LEPANTO;30273;HELADO;1254,71;30,09;0,00;30,09;0,00;0,00;0,00;
19-2026;2866;LORCA;401236803;HOTEL CABOGATA JARDIN;30999;HELADO;40430,89;342,82;0,00;342,82;205,21;943,86;-738,65;
19-2026;2866;LORCA;401315446;COMIDAS SAEZ;32075;HELADO;839,02;32,98;0,00;32,98;195,24;0,00;195,24;
19-2026;2866;LORCA;401422074;EVENTOS MOLINO CHICO;10391;HELADO;1000,00;25,80;0,00;25,80;147,40;927,00;-779,60;
19-2026;2866;LORCA;401412855;RESTAURANTE LA SALMORRETA;32887;HELADO;1112,36;27,35;0,00;27,35;209,19;148,52;60,67;
19-2026;2866;LORCA;401198136;LA TAPERIA;32745;HELADO;1046,60;0,00;0,00;0,00;1046,60;0,00;1046,60;
19-2026;2866;LORCA;401180514;REST. DI MODENA;30117;HELADO;1602,61;22,34;0,00;22,34;558,56;459,60;98,96;
19-2026;2866;LORCA;401265663;KIOSCO LAS MASCARANAS;30708;HELADO;932,12;46,93;0,00;46,93;245,52;0,00;245,52;
19-2026;2866;LORCA;401406686;RTE.PUNTAS DE CALNEGRE;5708;HELADO;5074,06;247,68;0,00;247,68;933,68;1285,44;-351,76;
19-2026;2866;LORCA;401408130;EL BURLADERO;9575;HELADO;4797,16;112,94;0,00;112,94;863,70;0,00;863,70;
19-2026;2866;LORCA;401180642;LA BARRANQUILLA ALMERIMAR;32758;HELADO;1369,13;0,00;0,00;0,00;1369,13;0,00;1369,13;
19-2026;2866;LORCA;401261441;KIOSCO CASTO;31808;HELADO;7619,66;132,96;0,00;132,96;1376,01;1396,56;-20,55;
19-2026;2866;LORCA;401279936;E.S. HIDROCARBUROS 96290D;39524;HELADO;2114,67;137,59;0,00;137,59;445,28;713,24;-267,96;
19-2026;2866;LORCA;401411570;EURO MARKET;32879;HELADO;1654,89;37,31;0,00;37,31;285,36;0,00;285,36;
19-2026;2866;LORCA;401420033;HERBOLARIO LUZDLUNA;10354;HELADO;3000,00;77,40;0,00;77,40;555,30;3,40;551,90;
19-2026;2866;LORCA;401406082;MAT MARKET;9674;HELADO;2370,12;239,84;0,00;239,84;423,08;1396,56;-973,48;
19-2026;2866;LORCA;401403183;CAFETERIA WLIIANS;8938;HELADO;404,40;76,38;0,00;76,38;86,15;693,00;-606,85;
19-2026;2866;LORCA;401423897;SNAK GAZA HALAL;9694;HELADO;1000,00;25,80;0,00;25,80;147,40;937,44;-790,04;
19-2026;2866;LORCA;401180616;REST.CHINO SHANG-HAI;30179;HELADO;2120,51;19,33;0,00;19,33;894,33;394,74;499,59;
19-2026;2866;LORCA;401408784;COPISTERIA SOLA;9546;HELADO;1292,49;31,59;0,00;31,59;241,54;806,88;-565,34;
19-2026;2866;LORCA;401180398;BAR BLANCO;30040;HELADO;2250,37;39,53;0,00;39,53;972,99;847,44;125,55;
19-2026;2866;LORCA;401328544;LA COSA MAS DULCE;8506;HELADO;935,44;19,58;0,00;19,58;800,75;0,00;800,75;
19-2026;2866;LORCA;401402726;CAFETERIA VERACRUZ;32825;HELADO;783,00;0,00;0,00;0,00;758,88;0,00;758,88;
19-2026;2866;LORCA;401361226;E.S. LA TORRE;32628;HELADO;473,85;83,27;0,00;83,27;0,00;344,32;-344,32;
19-2026;2866;LORCA;401393110;CASA CLUB CAMPOSOL GOLD;5702;HELADO;6166,47;205,20;0,00;205,20;1881,39;546,96;1334,43;
19-2026;2866;LORCA;401414243;BAR ZIROKS;40412;HELADO;1025,25;26,15;0,00;26,15;199,94;57,60;142,34;
19-2026;2866;LORCA;401406920;12633 E.S.CASI SAN ISIDRO;39560;HELADO;1448,30;238,23;0,00;238,23;271,17;0,00;271,17;
19-2026;2866;LORCA;401425866;ESTANCO CARRETERA;30356;HELADO;2000,00;51,60;0,00;51,60;222,40;694,32;-471,92;
19-2026;2866;LORCA;401404693;ALIMENTACION LOS HERMANOS;32841;HELADO;1325,85;0,00;0,00;0,00;565,27;0,00;565,27;
19-2026;2866;LORCA;400815082;SUPER AUTOSERVICIO;6460;HELADO;548,28;29,32;0,00;29,32;176,15;666,28;-490,13;
19-2026;2866;LORCA;401422742;PASTELERIA ESCOBAR-BH;30911;HELADO;1000,00;25,80;0,00;25,80;147,40;1426,80;-1279,40;
19-2026;2866;LORCA;401414191;LA BOMBA;32139;HELADO;936,64;24,98;0,00;24,98;191,03;0,00;191,03;
19-2026;2866;LORCA;401422495;KIOSCO JUANILLO;31981;HELADO;12000,00;309,60;0,00;309,60;1768,80;0,00;1768,80;
19-2026;2866;LORCA;401180579;REST. EL LAGARTO;31941;HELADO;2694,17;37,53;0,00;37,53;865,23;980,00;-114,77;
19-2026;2866;LORCA;866015039;EST.SERVCIO VTA LA PETRA;9337;HELADO;8044,21;52,32;0,00;52,32;1768,30;2306,52;-538,22;
19-2026;2866;LORCA;401401741;24 HORAS NOVA II;32816;HELADO;715,30;0,00;0,00;0,00;715,30;0,00;715,30;
19-2026;2866;LORCA;401263801;HELADERIA ARIAS.COM;8512;HELADO;11635,71;706,14;0,00;706,14;0,00;2764,44;-2764,44;
19-2026;2866;LORCA;401421219;SUPERMARKET;10379;HELADO;1000,00;25,80;0,00;25,80;185,10;1396,56;-1211,46;
19-2026;2866;LORCA;401377191;BAR EL TONEL 3;32679;HELADO;4485,47;128,65;0,00;128,65;898,50;166,65;731,85;
19-2026;2866;LORCA;401352595;SUPERMERCADO LAS NEGRAS;32757;HELADO;9482,62;694,39;0,00;694,39;668,46;2237,20;-1568,74;
19-2026;2866;LORCA;866012092;EST.SERVICIO HNS.BA¥OS;2209;HELADO;4430,59;201,42;0,00;201,42;900,57;946,00;-45,43;
19-2026;2866;LORCA;401411250;MINIMARKET CANDI Y JULI;32877;HELADO;1212,58;21,31;0,00;21,31;162,99;0,00;162,99;
19-2026;2866;LORCA;401417327;BAR MAR Y TIERRA;32640;HELADO;2999,10;77,39;0,00;77,39;591,84;0,00;591,84;
19-2026;2866;LORCA;401233238;D'BAR;30960;HELADO;4340,22;101,83;0,00;101,83;1438,37;1500,82;-62,45;
19-2026;2866;LORCA;401401133;COMERCIO DAMNOUN;32775;HELADO;1968,87;107,52;0,00;107,52;894,47;0,00;894,47;
19-2026;2866;LORCA;401423819;HOTEL RTE.TEBAR;10412;HELADO;6500,00;167,70;0,00;167,70;958,10;478,28;479,82;
19-2026;2866;LORCA;401421844;RODIPARK;10378;HELADO;1000,00;25,80;0,00;25,80;147,40;716,40;-569,00;
19-2026;2866;LORCA;401361374;RESTAURANTE LA PITA;32401;HELADO;1028,37;34,76;0,00;34,76;253,77;0,00;253,77;
19-2026;2866;LORCA;401402410;ALIMENTACION XU TEATRO GU;9653;HELADO;2686,18;44,60;0,00;44,60;1097,34;1028,04;69,30;
19-2026;2866;LORCA;401399427;BAR CARAMBA;9664;HELADO;1505,25;41,16;0,00;41,16;688,52;0,00;688,52;
19-2026;2866;LORCA;401421937;MARINA TU PEQUE¥A COMPRA;31135;HELADO;4000,00;103,20;0,00;103,20;589,60;890,28;-300,68;
19-2026;2866;LORCA;401423558;CHIRINGUITO;10411;HELADO;5000,00;129,00;0,00;129,00;737,00;0,00;737,00;
19-2026;2866;LORCA;401425516;SUPERMERCADO CAMPOSOL V;10429;HELADO;6000,00;154,80;0,00;154,80;667,20;902,64;-235,44;
19-2026;2866;LORCA;401274656;RESTAURANTE MAXCALY;8340;HELADO;4953,18;247,41;0,00;247,41;0,00;298,38;-298,38;
19-2026;2866;LORCA;866015099;HOGAR 3¦ EDAD MARIA;8525;HELADO;5570,27;6,95;0,00;6,95;1126,76;0,00;1126,76;
19-2026;2866;LORCA;401420861;COMIDAS PARA LLEVAR LAS T;32161;HELADO;4000,00;103,20;0,00;103,20;740,40;749,64;-9,24;
19-2026;2866;LORCA;401232971;ESTACION DE SERVICIO CEPS;32812;HELADO;1429,10;223,31;0,00;223,31;0,00;353,24;-353,24;
19-2026;2866;LORCA;401389310;CHIRINGUITO EL PUERTO;8353;HELADO;631,66;52,38;0,00;52,38;0,00;0,00;0,00;
19-2026;2866;LORCA;401413089;HELADERIA D'HOKER;9696;HELADO;765,10;22,58;0,00;22,58;172,64;0,00;172,64;
19-2026;2866;LORCA;401404238;PISCINA DE ENIX;32839;HELADO;4618,24;109,40;0,00;109,40;836,64;0,00;836,64;
19-2026;2866;LORCA;866025087;A-350 SERVICIOS, S.L.;4592;HELADO;1864,79;43,96;0,00;43,96;912,96;1147,44;-234,48;
19-2026;2866;LORCA;401426508;EL TEMPLO;10441;HELADO;15000,00;387,00;0,00;387,00;1668,00;0,00;1668,00;
19-2026;2866;LORCA;401427583;HOTEL MEXICO;10461;HELADO;1000,00;25,80;0,00;25,80;0,00;0,00;0,00;
19-2026;2866;LORCA;401421941;CONFITERIA TEYO;10389;HELADO;1000,00;25,80;0,00;25,80;147,40;1054,38;-906,98;
19-2026;2866;LORCA;401426031;BAR MUNA;10438;HELADO;6500,00;167,70;0,00;167,70;722,80;695,16;27,64;
19-2026;2866;LORCA;401335439;LA FAVORITA;31120;HELADO;949,91;26,49;0,00;26,49;311,11;327,31;-16,20;
19-2026;2866;LORCA;401425877;BAZAR ALIMENTACION LOS HE;10434;HELADO;1000,00;25,80;0,00;25,80;111,20;880,08;-768,88;
19-2026;2866;LORCA;401376803;ALIMENTACION SANTA RITA;32673;HELADO;878,92;63,33;0,00;63,33;0,00;623,72;-623,72;
19-2026;2866;LORCA;401080515;E.S. LA CAMPANA;9660;HELADO;929,84;60,86;0,00;60,86;676,23;0,00;676,23;
19-2026;2866;LORCA;866010363;PLAYA GRANDE, HOTEL;363;HELADO;6894,39;86,54;0,00;86,54;1545,07;1821,63;-276,56;
19-2026;2866;LORCA;866015121;MULTIOCIO PARK;5121;HELADO;1856,57;36,31;0,00;36,31;945,34;1087,96;-142,62;
19-2026;2866;LORCA;401412566;PUERTO KEBAB;9695;HELADO;2660,12;54,98;0,00;54,98;420,48;1033,84;-613,36;
19-2026;2866;LORCA;401180354;RESTAURANTE EL PIRATA;30014;HELADO;3619,66;30,49;0,00;30,49;933,30;879,06;54,24;
19-2026;2866;LORCA;401403956;E.S. SAN ISIDRO 12567;30653;HELADO;2248,15;142,81;0,00;142,81;912,11;0,00;912,11;
19-2026;2866;LORCA;401414671;DRY MARIN;32145;HELADO;1110,65;27,28;0,00;27,28;208,65;0,00;208,65;
19-2026;2866;LORCA;401180369;RESTAURANTE ALPUJARRA;31975;HELADO;2568,85;55,31;0,00;55,31;751,78;458,46;293,32;
19-2026;2866;LORCA;401313848;PERRO VIEJO CAFETERIA;32238;HELADO;433,19;18,80;0,00;18,80;111,42;254,09;-142,67;
19-2026;2866;LORCA;401311655;SIMONS CAFE PUB;9559;HELADO;1469,19;61,11;0,00;61,11;559,54;0,00;559,54;
19-2026;2866;LORCA;401377722;CANDY SHOP;8569;HELADO;1261,44;6,29;0,00;6,29;796,72;710,76;85,96;
19-2026;2866;LORCA;401254485;RESTAURANTE EL REENCUENTR;31732;HELADO;933,13;20,40;0,00;20,40;542,55;0,00;542,55;
19-2026;2866;LORCA;401332867;BAR EL PALILLON;6612;HELADO;669,16;6,13;0,00;6,13;630,86;591,92;38,94;
19-2026;2866;LORCA;401127128;CAMPING LOS MADRILES;2150;HELADO;3607,28;78,66;0,00;78,66;1118,22;923,20;195,02;
19-2026;2866;LORCA;401359151;SUPERMERCADO ARRECIFE;32616;HELADO;7390,00;195,62;0,00;195,62;1376,01;1047,16;328,85;
19-2026;2866;LORCA;401318028;SUPER TOYO;32266;HELADO;7832,38;315,31;0,00;315,31;1701,13;2821,00;-1119,87;
19-2026;2866;LORCA;401427876;CAFETERERIA LA MURALLA;10460;HELADO;3000,00;77,40;0,00;77,40;0,00;0,00;0,00;
19-2026;2866;LORCA;401299433;E.S.ENERGY Y CARBURANTES;32074;HELADO;1741,73;73,85;0,00;73,85;393,66;685,20;-291,54;
19-2026;2866;LORCA;401288033;CONGECAR;2040;HELADO;1840,88;64,52;0,00;64,52;1392,92;767,32;625,60;
19-2026;2866;LORCA;401331669;15456 E.S.VIRGEN D CABEZA;8942;HELADO;1294,59;31,54;0,00;31,54;0,00;725,16;-725,16;
19-2026;2866;LORCA;401266544;CRCA VILLA AFRICA, S.L.;31889;HELADO;4708,30;144,08;0,00;144,08;782,90;925,02;-142,12;
19-2026;2866;LORCA;401350325;SUPERTERREROS;3048;HELADO;4251,14;115,04;0,00;115,04;1061,15;0,00;1061,15;
19-2026;2866;LORCA;401180406;EST. DE SERVICIO B.P.;30046;HELADO;2268,12;204,86;0,00;204,86;0,00;693,44;-693,44;
19-2026;2866;LORCA;401330027;RESTAURANTE AMARTE;32427;HELADO;833,21;19,23;0,00;19,23;418,00;0,00;418,00;
19-2026;2866;LORCA;401383858;KIOSCO LA FABRIQUILLA;39107;HELADO;42702,71;783,04;0,00;783,04;2413,02;1396,56;1016,46;
19-2026;2866;LORCA;401378983;RODRIGUEZ CASA¥AS ANGELES;32690;HELADO;837,69;29,24;0,00;29,24;298,94;0,00;298,94;
19-2026;2866;LORCA;401328341;HELADERIA VERA PLAYA;7824;HELADO;17564,91;272,93;0,00;272,93;3242,39;2571,56;670,83;
19-2026;2866;LORCA;401407459;CAFE BAR EL PINTOR DE UVA;32854;HELADO;1061,91;27,03;0,00;27,03;206,68;392,06;-185,38;
19-2026;2866;LORCA;401424325;MAMBICHE;32907;HELADO;1000,00;25,80;0,00;25,80;147,40;0,00;147,40;
19-2026;2866;LORCA;401180310;MIRADOR DE POLARDA;30651;HELADO;4737,65;97,19;0,00;97,19;846,05;699,96;146,09;
19-2026;2866;LORCA;401180554;ACEBUCHE IMPULSO;30140;HELADO;44093,48;1235,28;0,00;1235,28;0,00;0,00;0,00;
19-2026;2866;LORCA;401406119;SUPERMERCADO TOMASA;9688;HELADO;846,40;148,88;0,00;148,88;139,48;0,00;139,48;
19-2026;2866;LORCA;401356822;CAFE BAR BARLOVENTO;32223;HELADO;641,69;80,53;0,00;80,53;0,00;397,04;-397,04;
19-2026;2866;LORCA;401349494;RESTAURANTE MAR AZUL;32683;HELADO;5516,36;207,99;0,00;207,99;995,28;1160,68;-165,40;
19-2026;2866;LORCA;401408078;BAR RELAX;9104;HELADO;571,36;109,85;0,00;109,85;113,66;0,00;113,66;
19-2026;2866;LORCA;401408301;CHIRINGUITO RINCON DEL PT;30463;HELADO;4563,46;234,87;0,00;234,87;849,54;0,00;849,54;
19-2026;2866;LORCA;401180479;ASADOR DE POLLOS ANA;30095;HELADO;896,54;17,57;0,00;17,57;428,40;411,40;17,00;
19-2026;2866;LORCA;866015541;RESTAURANTE EL MIRADOR;6556;HELADO;1359,79;32,99;0,00;32,99;648,42;495,96;152,46;
19-2026;2866;LORCA;401420494;THE CHEESECAKE EMPORIUM;10039;HELADO;2000,00;51,60;0,00;51,60;370,20;0,00;370,20;
19-2026;2866;LORCA;401401059;DONER KEBAD PUENTE ALBERC;9842;HELADO;1770,29;19,52;0,00;19,52;959,80;0,00;959,80;
19-2026;2866;LORCA;401421472;SUPER TEO;35075;HELADO;4000,00;103,20;0,00;103,20;740,40;0,00;740,40;
19-2026;2866;LORCA;401075285;BAR MORABU;8625;HELADO;3648,74;87,13;0,00;87,13;813,78;1123,18;-309,40;
19-2026;2866;LORCA;401310970;SUMA PUENTE DEL RIO 65981;39537;HELADO;1031,37;12,74;0,00;12,74;523,77;0,00;523,77;
19-2026;2866;LORCA;401426280;CAFE ODREAMS;32915;HELADO;2000,00;51,60;0,00;51,60;222,40;528,55;-306,15;
19-2026;2866;LORCA;401425544;SPAR 59;39571;HELADO;1000,00;25,80;0,00;25,80;111,20;964,48;-853,28;
19-2026;2866;LORCA;401393442;SUPER ZURGENA;5986;HELADO;621,95;41,48;0,00;41,48;326,80;0,00;326,80;
19-2026;2866;LORCA;401180443;CAFE BAR LOYMAR;30075;HELADO;2597,08;58,79;0,00;58,79;939,07;784,90;154,17;
19-2026;2866;LORCA;866015086;KIOSCO BAKERIN;8778;HELADO;1555,30;0,00;0,00;0,00;1086,74;0,00;1086,74;
19-2026;2866;LORCA;401383716;DON MARKET;8591;HELADO;1283,35;119,59;0,00;119,59;0,00;0,00;0,00;
19-2026;2866;LORCA;400950485;BAR ANA;7991;HELADO;1301,46;0,00;0,00;0,00;877,56;0,00;877,56;
19-2026;2866;LORCA;401408091;CAFE TIME;35030;HELADO;1000,48;27,02;0,00;27,02;206,61;0,00;206,61;
19-2026;2866;LORCA;401180691;EST. S.EL PITA 969991U;30220;HELADO;6379,15;281,94;0,00;281,94;925,54;2048,72;-1123,18;
19-2026;2866;LORCA;400806432;PENSION RTE.VENTA TEBAR;8204;HELADO;1608,77;50,46;0,00;50,46;284,05;150,68;133,37;
19-2026;2866;LORCA;400921587;CAFE BAR SIERRA ESPU¥A;1193;HELADO;3373,79;57,23;0,00;57,23;1083,47;1015,04;68,43;
19-2026;2866;LORCA;401355864;L0L171 COLEGIO ALTADUNA;39829;HELADO;1579,18;226,27;0,00;226,27;0,00;0,00;0,00;
19-2026;2866;LORCA;401221081;PIZZERIA POMODORO;30872;HELADO;530,57;41,35;0,00;41,35;358,30;0,00;358,30;
19-2026;2866;LORCA;401284948;KIOSCO PAQUITA;31918;HELADO;16427,86;147,41;0,00;147,41;1515,52;0,00;1515,52;
19-2026;2866;LORCA;401240213;HOTEL BEST MOJACAR***;39500;HELADO;47769,42;1358,75;0,00;1358,75;5573,28;0,00;5573,28;
19-2026;2866;LORCA;401407052;MESON ANTONIA;9992;HELADO;623,04;18,35;0,00;18,35;140,31;25,60;114,71;
19-2026;2866;LORCA;401025018;ALIMENTACION EUROPA;7977;HELADO;2695,22;84,49;0,00;84,49;1031,95;743,28;288,67;
19-2026;2866;LORCA;401180225;BAR ANTONIO;32507;HELADO;1577,57;36,81;0,00;36,81;161,02;0,00;161,02;
19-2026;2866;LORCA;401311009;CAFETERIA LA ERMITA;9401;HELADO;2671,93;7,97;0,00;7,97;1468,49;894,08;574,41;
19-2026;2866;LORCA;401407650;COMESTIBLES PALENZUELA;32855;HELADO;862,72;134,46;0,00;134,46;174,68;738,60;-563,92;
19-2026;2866;LORCA;401408494;CORA CAFE;10020;HELADO;860,78;23,05;0,00;23,05;176,26;363,98;-187,72;
19-2026;2866;LORCA;401120565;HIPER A7;7363;HELADO;3183,82;86,19;0,00;86,19;1158,03;1368,52;-210,49;
19-2026;2866;LORCA;401237545;PANADERIA DEL SUR;32521;HELADO;1245,50;29,25;0,00;29,25;696,86;1071,80;-374,94;
19-2026;2866;LORCA;401410571;DULCE SUE¥OS;9375;HELADO;2795,14;60,54;0,00;60,54;458,16;0,00;458,16;
19-2026;2866;LORCA;401405515;CENTRO SOCIAL COY;10002;HELADO;1508,77;59,24;0,00;59,24;283,69;58,92;224,77;
19-2026;2866;LORCA;866016010;REST.MEDITERRANEO;7521;HELADO;1216,35;13,01;0,00;13,01;587,41;289,32;298,09;
19-2026;2866;LORCA;401418811;BAR TOTI;10302;HELADO;899,73;23,22;0,00;23,22;177,55;22,56;154,99;
19-2026;2866;LORCA;401366434;FAMILY PARK;8369;HELADO;726,66;65,99;0,00;65,99;266,73;0,00;266,73;
19-2026;2866;LORCA;401408389;CHIRINGUITO SAUFER;32862;HELADO;3560,70;88,49;0,00;88,49;676,73;0,00;676,73;
19-2026;2866;LORCA;401383854;ASADOR GUMPOLLOS;32558;HELADO;468,02;82,88;0,00;82,88;0,00;0,00;0,00;
19-2026;2866;LORCA;401384588;COME Y CALLA;8578;HELADO;1304,89;25,17;0,00;25,17;683,09;0,00;683,09;
19-2026;2866;LORCA;401427065;CHILLI TACO;10448;HELADO;1000,00;25,80;0,00;25,80;111,20;41,28;69,92;
19-2026;2866;LORCA;401180641;CAFE BAR LA ERMITA;31985;HELADO;581,68;116,28;0,00;116,28;0,00;0,00;0,00;
19-2026;2866;LORCA;401269890;E.S.REDOIL LA MORENA;8245;HELADO;4974,82;330,24;0,00;330,24;1376,01;1564,48;-188,47;
19-2026;2866;LORCA;401424005;CARNICERIA H.OVERA;8989;HELADO;1000,00;25,80;0,00;25,80;147,40;709,88;-562,48;
19-2026;2866;LORCA;401361024;LA PARADA DE SIERRA ESPU¥;9154;HELADO;3067,92;191,51;0,00;191,51;0,00;0,00;0,00;
19-2026;2866;LORCA;401181101;CAFETERIA LA BOHEMIA;30401;HELADO;1776,20;61,81;0,00;61,81;296,45;452,30;-155,85;
19-2026;2866;LORCA;401409042;CONFITERIA OLIMKA;32007;HELADO;438,85;11,69;0,00;11,69;89,41;0,00;89,41;
19-2026;2866;LORCA;401366715;PAK SUPERMERCADOS;8356;HELADO;2424,44;106,38;0,00;106,38;1048,87;1029,16;19,71;
19-2026;2866;LORCA;401407274;CAFETERIA LA ABADIA;9535;HELADO;3156,53;155,44;0,00;155,44;594,15;0,00;594,15;
19-2026;2866;LORCA;401294267;CHIRINGUITO EL RECREO;9324;HELADO;1832,80;25,54;0,00;25,54;1326,92;0,00;1326,92;
19-2026;2866;LORCA;866016304;BAR 4 VIENTOS;6304;HELADO;3745,15;110,65;0,00;110,65;1717,57;1486,96;230,61;
19-2026;2866;LORCA;401332494;ESTANCO LOS ANGELES;32441;HELADO;810,08;69,63;0,00;69,63;0,00;934,52;-934,52;
19-2026;2866;LORCA;401272610;APARCAMIENTO DE PULPI;8406;HELADO;3124,67;154,49;0,00;154,49;1229,62;1245,44;-15,82;
19-2026;2866;LORCA;401423182;ALEGRIA ANDARAX;39562;HELADO;10000,00;258,00;0,00;258,00;1474,00;0,00;1474,00;
19-2026;2866;LORCA;401362354;ALBERGUE JUVENIL ALMERIA;39263;HELADO;2121,29;45,25;0,00;45,25;659,96;282,24;377,72;
19-2026;2866;LORCA;401426048;LA HUERTA DE MARUJA;40622;HELADO;1000,00;25,80;0,00;25,80;111,20;71,52;39,68;
19-2026;2866;LORCA;401203791;SUPERMERCADO ALAMO;1116;HELADO;1546,00;59,67;0,00;59,67;688,59;745,08;-56,49;
19-2026;2866;LORCA;400821451;KIOSCO LUPE;4096;HELADO;10592,79;321,93;0,00;321,93;3639,57;3417,36;222,21;
19-2026;2866;LORCA;401420696;RESTAURANTE VENTARIQUE;7605;HELADO;6000,00;154,80;0,00;154,80;1110,60;264,84;845,76;
19-2026;2866;LORCA;401404662;PRISION VST (IES MARITIMO;30919;HELADO;3437,72;0,00;0,00;0,00;1104,30;0,00;1104,30;
19-2026;2866;LORCA;401331901;LA BODEGA;8945;HELADO;656,05;0,00;0,00;0,00;656,05;0,00;656,05;
19-2026;2866;LORCA;401405425;CENTRO 3¦ EDAD PADULES;35073;HELADO;544,42;93,78;0,00;93,78;153,68;0,00;153,68;
19-2026;2866;LORCA;401374718;SUPREMO;32665;HELADO;3493,32;80,42;0,00;80,42;702,61;899,80;-197,19;
19-2026;2866;LORCA;401421926;CINES DE VERANO AGUADULCE;35070;HELADO;4000,00;103,20;0,00;103,20;589,60;0,00;589,60;
19-2026;2866;LORCA;401391407;ALIMENTACION REQUENA;32904;HELADO;1003,56;88,92;0,00;88,92;0,00;314,96;-314,96;
19-2026;2866;LORCA;401206241;PAN Y ALIMENTACION DIEGO;8013;HELADO;763,75;106,13;0,00;106,13;0,00;0,00;0,00;
19-2026;2866;LORCA;401426861;RTE.VENTA EL COMPADRE;32914;HELADO;2500,00;64,50;0,00;64,50;278,00;0,00;278,00;
19-2026;2866;LORCA;401351056;CARNICERIA FRUTERIA HALAL;8692;HELADO;4762,64;236,32;0,00;236,32;2752,01;2025,52;726,49;
19-2026;2866;LORCA;401407056;CENTRO 3¦ EDAD VICAR;32852;HELADO;603,71;116,33;0,00;116,33;118,99;0,00;118,99;
19-2026;2866;LORCA;401376566;HIPER NUEVO ORIENTE;5649;HELADO;677,05;17,60;0,00;17,60;215,40;726,72;-511,32;
19-2026;2866;LORCA;401420354;MANBICHE;32894;HELADO;3000,00;77,40;0,00;77,40;555,30;791,34;-236,04;
19-2026;2866;LORCA;866010656;COSTA COSTA HOTEL;7973;HELADO;2620,61;57,62;0,00;57,62;888,04;493,15;394,89;
19-2026;2866;LORCA;401411785;CAFE BAR LAS PALMERAS;10036;HELADO;2238,02;47,56;0,00;47,56;363,74;20,64;343,10;
19-2026;2866;LORCA;401425513;EL BARRIO;10428;HELADO;1000,00;25,80;0,00;25,80;111,20;22,22;88,98;
19-2026;2866;LORCA;866015013;ESTACION SERV.GUADALENTIN;10416;HELADO;2162,53;0,00;0,00;0,00;797,45;0,00;797,45;
19-2026;2866;LORCA;401410700;CAFETERIA DREAM BOWLING;32874;HELADO;1041,53;26,62;0,00;26,62;203,59;0,00;203,59;
19-2026;2866;LORCA;401414366;BOGATA PIZZERIA;9044;HELADO;599,82;15,48;0,00;15,48;118,37;0,00;118,37;
19-2026;2866;LORCA;401256010;CONFITERIA CANELA;8815;HELADO;1725,78;17,57;0,00;17,57;1492,61;1658,28;-165,67;
19-2026;2866;LORCA;401403767;FABRICA DE LOS GENOVESES;32836;HELADO;2104,56;49,33;0,00;49,33;377,25;0,00;377,25;
19-2026;2866;LORCA;401406921;LA DOI PASI;10015;HELADO;858,64;139,08;0,00;139,08;174,01;673,68;-499,67;
19-2026;2866;LORCA;401360818;CAFE HELADERIA VALDANI;9148;HELADO;12484,68;809,26;0,00;809,26;2637,65;453,76;2183,89;
19-2026;2866;LORCA;401389874;CAMPING TOTANA PARK&RTE. ;9180;HELADO;1122,89;6,45;0,00;6,45;398,48;741,12;-342,64;
19-2026;2866;LORCA;401420228;PANADERIA LOPEZ;1539;HELADO;1000,00;25,80;0,00;25,80;185,10;0,00;185,10;
19-2026;2866;LORCA;401265461;ALIMENTACION Y MULTIPRECI;9214;HELADO;1707,78;50,41;0,00;50,41;883,66;803,68;79,98;
19-2026;2866;LORCA;401419556;CAFETERIA CONQUISTA;32328;HELADO;1000,00;25,80;0,00;25,80;197,30;3,40;193,90;
19-2026;2866;LORCA;401422751;BAR RESTAURANTE LA MAREA;32853;HELADO;7000,00;180,60;0,00;180,60;1031,80;0,00;1031,80;
19-2026;2866;LORCA;401393772;HOTEL GOLF ALMERIMAR;35065;HELADO;3862,99;60,69;0,00;60,69;928,29;0,00;928,29;
19-2026;2866;LORCA;401295964;EL VARADERO;8737;HELADO;1230,73;20,82;0,00;20,82;341,43;329,94;11,49;
19-2026;2866;LORCA;401246921;SUPERMERCADO LI;31669;HELADO;1238,91;0,00;0,00;0,00;680,24;0,00;680,24;
19-2026;2866;LORCA;401426033;CARNICERIA RITAJE;6179;HELADO;1000,00;25,80;0,00;25,80;111,20;868,96;-757,76;
19-2026;2866;LORCA;401288743;BEACH CLUB BOCAINA;31940;HELADO;13619,37;166,94;0,00;166,94;3751,94;3623,22;128,72;
19-2026;2866;LORCA;401394772;HOTEL RISCAL;4168;HELADO;4841,80;319,24;0,00;319,24;1302,05;0,00;1302,05;
19-2026;2866;LORCA;401214272;KIOSKO VERONICA;35027;HELADO;1963,34;240,43;0,00;240,43;0,00;1486,96;-1486,96;
19-2026;2866;LORCA;401366820;RTE. CLUB NATACION;32347;HELADO;17564,35;469,31;0,00;469,31;4258,16;76,80;4181,36;
19-2026;2866;LORCA;401404369;CARREFOUR DE MOJACAR;9673;HELADO;4885,66;145,64;0,00;145,64;1043,15;1129,96;-86,81;
19-2026;2866;LORCA;401236320;HOTEL MOJACAR PLAYA ACUAP;30993;HELADO;30658,61;659,10;0,00;659,10;0,00;0,00;0,00;
19-2026;2866;LORCA;400936278;AUTOSERVICIO ALIMENTACION;9171;HELADO;2853,29;156,14;0,00;156,14;717,22;922,08;-204,86;
19-2026;2866;LORCA;401383700;VENTA MURCIA;9676;HELADO;1750,61;62,29;0,00;62,29;371,40;38,40;333,00;
19-2026;2866;LORCA;401403957;ARTESANOS DE PULPI;6063;HELADO;1501,89;0,00;0,00;0,00;1501,89;0,00;1501,89;
19-2026;2866;LORCA;401309087;RERSTAURANTE YAHO;9409;HELADO;2172,36;79,21;0,00;79,21;956,73;564,00;392,73;
19-2026;2866;LORCA;401427880;PAUSE COFFE COCKTAIL;32924;HELADO;2000,00;51,60;0,00;51,60;0,00;0,00;0,00;
19-2026;2866;LORCA;401393791;CAFETERIA LA GRAMOLA;32751;HELADO;925,21;0,00;0,00;0,00;560,29;0,00;560,29;
19-2026;2866;LORCA;401361873;ALIPROX MOJACAR;39550;HELADO;831,86;0,00;0,00;0,00;678,47;0,00;678,47;
19-2026;2866;LORCA;401424044;RESTAURANTE MORALES;39128;HELADO;5000,00;129,00;0,00;129,00;737,00;725,24;11,76;
19-2026;2866;LORCA;401426786;MENOS MAL 25 HORAS;32917;HELADO;1000,00;25,80;0,00;25,80;111,20;0,00;111,20;
19-2026;2866;LORCA;401180854;CARNICERIA Y FRUTERIA;32299;HELADO;1175,56;30,08;0,00;30,08;667,48;675,76;-8,28;
19-2026;2866;LORCA;401405735;CAFE BAR LA BRISA;32846;HELADO;730,14;0,00;0,00;0,00;730,14;0,00;730,14;
19-2026;2866;LORCA;401180278;BOGAS LOCUTORIO;30621;HELADO;3930,10;72,43;0,00;72,43;1505,15;1989,52;-484,37;
19-2026;2866;LORCA;401012054;TIENDA CHINA;3327;HELADO;2146,17;125,21;0,00;125,21;691,66;906,44;-214,78;
19-2026;2866;LORCA;401409424;PASTELERIA LA LORQUINA;5082;HELADO;464,14;8,88;0,00;8,88;67,37;0,00;67,37;
19-2026;2866;LORCA;401313510;RESTAURANTE RINCON DEL RE;8704;HELADO;981,33;12,42;0,00;12,42;781,60;674,80;106,80;
19-2026;2866;LORCA;401349459;EL BALNEARIO;30268;HELADO;432,28;78,21;0,00;78,21;0,00;0,00;0,00;
19-2026;2866;LORCA;401180540;VIDEO CLUB ALARCON;32260;HELADO;1502,03;53,50;0,00;53,50;429,70;793,04;-363,34;
19-2026;2866;LORCA;401193897;KOMO KOMO VIATOR;39249;HELADO;7153,34;284,70;0,00;284,70;2233,49;2613,96;-380,47;
19-2026;2866;LORCA;401408010;PIZZERIA VESUVIO;9690;HELADO;2149,79;170,43;0,00;170,43;386,77;386,47;0,30;
19-2026;2866;LORCA;401263661;BAR EL TONEL;32414;HELADO;9361,72;167,57;0,00;167,57;710,99;0,00;710,99;
19-2026;2866;LORCA;401180414;E. S. SAN ISIDRO 12567 U;30052;HELADO;2007,47;139,06;0,00;139,06;229,36;1396,56;-1167,20;
19-2026;2866;LORCA;401351480;CONFITERIA NAVARRO;8333;HELADO;945,37;110,26;0,00;110,26;0,00;0,00;0,00;
19-2026;2866;LORCA;401354360;SALONES ZAIRA;1034;HELADO;685,96;164,63;0,00;164,63;0,00;0,00;0,00;
19-2026;2866;LORCA;401288252;E.S.REPSOL BOCA RIO 13345;39529;HELADO;2962,31;99,38;0,00;99,38;588,04;880,20;-292,16;
19-2026;2866;LORCA;866015670;ESTACION DE SERVICIO GOS;5670;HELADO;3127,87;16,49;0,00;16,49;1376,01;1396,56;-20,55;
19-2026;2866;LORCA;401424659;BAR PONIENTE;10420;HELADO;1000,00;25,80;0,00;25,80;147,40;964,64;-817,24;
19-2026;2866;LORCA;401383703;D'PASO;32332;HELADO;838,63;65,63;0,00;65,63;168,37;339,68;-171,31;
19-2026;2866;LORCA;401407867;BOKAO BAR;10019;HELADO;3192,90;69,16;0,00;69,16;528,91;371,48;157,43;
19-2026;2866;LORCA;401420761;RTE.LEONARDO SUL MADRE;10373;HELADO;4000,00;103,20;0,00;103,20;740,40;518,86;221,54;
19-2026;2866;LORCA;401420355;DON CROISSANT;32483;HELADO;10000,00;258,00;0,00;258,00;1851,00;2501,37;-650,37;
19-2026;2866;LORCA;401241238;MEDITERRANEO 24 HORAS;31030;HELADO;5112,54;145,72;0,00;145,72;1657,07;1602,52;54,55;
19-2026;2866;LORCA;401425969;RESTAURANTE;10436;HELADO;1000,00;25,80;0,00;25,80;111,20;128,00;-16,80;
19-2026;2866;LORCA;401401979;SUPERMERCADO EURO ECUADOR;9614;HELADO;2445,71;104,39;0,00;104,39;758,37;604,48;153,89;
19-2026;2866;LORCA;401378010;SUPERMERCADO ENNACIRI;8364;HELADO;1001,79;0,00;0,00;0,00;1001,79;0,00;1001,79;
19-2026;2866;LORCA;401403343;SUPERMERCADO CHARTER;8936;HELADO;1078,32;0,00;0,00;0,00;428,61;0,00;428,61;
19-2026;2866;LORCA;401292200;BAR EL PASEO;31966;HELADO;3049,52;65,21;0,00;65,21;1012,46;0,00;1012,46;
19-2026;2866;LORCA;401120562;SUPERMERCADO BD;8230;HELADO;1478,02;55,22;0,00;55,22;728,66;1025,56;-296,90;
19-2026;2866;LORCA;401312338;ALEX PIZZERIA;30605;HELADO;962,83;18,26;0,00;18,26;151,20;126,94;24,26;
19-2026;2866;LORCA;401350172;SUPER SOL BOLNUEVO;8419;HELADO;2104,18;323,96;0,00;323,96;0,00;0,00;0,00;
19-2026;2866;LORCA;401425295;KIOSCO BILAL;32909;HELADO;2500,00;75,88;0,00;75,88;327,06;679,24;-352,18;
19-2026;2866;LORCA;401352658;SAL Y ALMAGRE;8673;HELADO;2088,99;267,08;0,00;267,08;93,91;0,00;93,91;
19-2026;2866;LORCA;401355921;L0I622 COLEG SALADARES AL;39831;HELADO;801,38;147,08;0,00;147,08;0,00;0,00;0,00;
19-2026;2866;LORCA;401037413;CHIRINGUITO NARES;3587;HELADO;5440,73;157,70;0,00;157,70;250,90;592,32;-341,42;
19-2026;2866;LORCA;401421220;CARNICERIA HALAL;9547;HELADO;1000,00;25,80;0,00;25,80;185,10;1300,76;-1115,66;
19-2026;2866;LORCA;401264038;SERVICIO TRASMEDITERRANEA;39514;HELADO;2800,25;206,30;0,00;206,30;831,80;855,36;-23,56;
19-2026;2866;LORCA;866015992;E.S. EL PARETON 6430;5992;HELADO;2894,31;90,36;0,00;90,36;757,60;677,04;80,56;
19-2026;2866;LORCA;401280040;LA INESPERADA;8730;HELADO;1796,53;22,41;0,00;22,41;656,90;191,20;465,70;
19-2026;2866;LORCA;401379227;E.S.REPSOL 97181 LAS NORI;32692;HELADO;719,01;172,56;0,00;172,56;0,00;0,00;0,00;
19-2026;2866;LORCA;401411883;ALIMENTACION TOTANA;9193;HELADO;499,27;12,89;0,00;12,89;98,57;0,00;98,57;
19-2026;2866;LORCA;401420491;BIS G'S AMERICAN DINER;10040;HELADO;2000,00;51,60;0,00;51,60;370,20;1396,56;-1026,36;
19-2026;2866;LORCA;401180572;CAFETERIA PUB BAHIA;30152;HELADO;5632,62;137,58;0,00;137,58;835,12;1289,19;-454,07;
19-2026;2866;LORCA;401166939;E.S. EL ARTINERO;7723;HELADO;1546,01;24,53;0,00;24,53;882,68;873,08;9,60;
19-2026;2866;LORCA;401427086;EL MUNDO DE LAS CHUCHES;32920;HELADO;6500,00;167,70;0,00;167,70;722,80;335,16;387,64;
19-2026;2866;LORCA;401406265;RESTAURANTE LA GASOLINERA;9625;HELADO;3879,20;246,09;0,00;246,09;720,53;0,00;720,53;
19-2026;2866;LORCA;401402125;KIOSCO CARMEN SEVILLA;32819;HELADO;4552,93;21,45;0,00;21,45;1777,89;0,00;1777,89;
19-2026;2866;LORCA;401421526;DON MARKET AGUILAS;7600;HELADO;1000,00;25,80;0,00;25,80;185,10;1396,56;-1211,46;
19-2026;2866;LORCA;401180762;RESTAURANTE LA LONJA;30261;HELADO;2767,89;35,18;0,00;35,18;873,10;695,25;177,85;
19-2026;2866;LORCA;401415371;CAFETERIA LEROY MERLIN C.;31116;HELADO;1873,27;49,96;0,00;49,96;382,05;0,00;382,05;
19-2026;2866;LORCA;401423949;CANTINA PURIAS;10414;HELADO;1000,00;25,80;0,00;25,80;147,40;0,00;147,40;
19-2026;2866;LORCA;401415497;LA GRACIA DE DIOS;3860;HELADO;899,73;23,22;0,00;23,22;177,55;0,00;177,55;
19-2026;2866;LORCA;401422040;CAFETERIA O SOLE MIO;35079;HELADO;2000,00;51,60;0,00;51,60;294,80;643,62;-348,82;
19-2026;2866;LORCA;400970568;RECEPCION TIENDA CAMPING;2123;HELADO;2801,21;42,82;0,00;42,82;1268,89;762,04;506,85;
19-2026;2866;LORCA;401180213;KIOSCO CAMY(POCICO);30568;HELADO;11380,63;422,27;0,00;422,27;1757,27;2265,68;-508,41;
19-2026;2866;LORCA;401235489;RTE.PIZZERIA EL TIBURON;30988;HELADO;3130,85;67,03;0,00;67,03;572,51;744,92;-172,41;
19-2026;2866;LORCA;401125770;HIPER CHINA;7417;HELADO;2033,67;103,61;0,00;103,61;892,88;1103,36;-210,48;
19-2026;2866;LORCA;401422201;BAR GEMINIS;10396;HELADO;1000,00;25,80;0,00;25,80;147,40;742,92;-595,52;
19-2026;2866;LORCA;401286592;RTE.DEL CASA NONO;9508;HELADO;912,48;32,20;0,00;32,20;375,89;442,20;-66,31;
19-2026;2866;LORCA;401232191;TRIFULA RISTORANTE BAR;9355;HELADO;765,24;98,43;0,00;98,43;0,00;374,76;-374,76;
19-2026;2866;LORCA;401414364;LOS ANGELES AAVV;8442;HELADO;599,82;15,48;0,00;15,48;118,37;0,00;118,37;
19-2026;2866;LORCA;401376873;SUPERMERCADO SAN JUAN 5;32675;HELADO;2582,36;92,89;0,00;92,89;861,03;0,00;861,03;
19-2026;2866;LORCA;401400116;KEBAB RICO;9627;HELADO;1031,44;0,00;0,00;0,00;1031,44;0,00;1031,44;
19-2026;2866;LORCA;401265021;E.S.REPSOL ADRA;31951;HELADO;1765,55;32,68;0,00;32,68;471,95;716,12;-244,17;
19-2026;2866;LORCA;401324660;RESTAURANTE SHANGHAI;8301;HELADO;781,23;61,27;0,00;61,27;258,63;0,00;258,63;
19-2026;2866;LORCA;401394725;PADEL EL REAL;9042;HELADO;2048,24;66,34;0,00;66,34;0,00;128,77;-128,77;
19-2026;2866;LORCA;401410752;CAFETERIA LA MAR;9579;HELADO;5628,26;168,22;0,00;168,22;1260,64;0,00;1260,64;
19-2026;2866;LORCA;401417575;TRECE NUDOS;32288;HELADO;1212,93;28,58;0,00;28,58;218,56;346,91;-128,35;
19-2026;2866;LORCA;401375007;BLUE ICE CREAM CAFE BAR;8407;HELADO;410,09;5,02;0,00;5,02;389,16;0,00;389,16;
19-2026;2866;LORCA;401352082;CAFETERIA CARMA;32542;HELADO;5523,52;377,26;0,00;377,26;1142,91;1624,31;-481,40;
19-2026;2866;LORCA;401428000;LA CESTA JUAN CARLOS I;32926;HELADO;900,00;23,22;0,00;23,22;0,00;0,00;0,00;
19-2026;2866;LORCA;401423202;ACHONERIA;10408;HELADO;2000,00;51,60;0,00;51,60;294,80;773,12;-478,32;
19-2026;2866;LORCA;401091614;MANCIO;3428;HELADO;1608,84;49,80;0,00;49,80;432,32;406,60;25,72;
19-2026;2866;LORCA;401180477;LOCUTORIO NUEVO MERCADO;31977;HELADO;521,34;125,12;0,00;125,12;0,00;0,00;0,00;
19-2026;2866;LORCA;401415608;E.S.PRIBAYO 33722;70086;HELADO;2319,37;43,11;0,00;43,11;329,69;0,00;329,69;
19-2026;2866;LORCA;401402015;BAR COLON;9649;HELADO;1505,56;59,57;0,00;59,57;818,53;0,00;818,53;
19-2026;2866;LORCA;401350887;CAFETERIA DULCE LUNA;10021;BEBIBLES;2642,79;81,11;0,00;81,11;305,30;0,00;305,30;
19-2026;2866;LORCA;401352193;HELADERIA PATAPALO;8236;BEBIBLES;4157,01;221,08;0,00;221,08;458,22;922,89;-464,67;
19-2026;2866;LORCA;401401863;BAR LA PAMPA;8080;BEBIBLES;1246,16;39,99;0,00;39,99;190,72;176,06;14,66;
19-2026;2866;LORCA;401307447;CAFETERIA BOX BANK;9500;BEBIBLES;999,76;29,99;0,00;29,99;249,94;208,70;41,24;
19-2026;2866;LORCA;401324964;CAFETERIA AROMA Y SABOR;40500;BEBIBLES;708,16;39,99;0,00;39,99;0,00;0,00;0,00;
19-2026;2866;LORCA;401422961;HELADERIA LUCA;32516;BEBIBLES;50000,00;1435,20;0,00;1435,20;4800,00;876,54;3923,46;
19-2026;2866;LORCA;401400565;EL ARTE CENTRO;9635;BEBIBLES;1451,24;109,97;0,00;109,97;76,57;0,00;76,57;
19-2026;2866;LORCA;401327180;RESTAURANTE TARAY;32805;BEBIBLES;1957,86;0,00;0,00;0,00;83,31;0,00;83,31;
19-2026;2866;LORCA;401412125;IS 'BLISS DESERT ROOM';9566;BEBIBLES;541,19;10,99;0,00;10,99;50,41;0,00;50,41;
19-2026;2866;LORCA;400973373;CAFETERIA PIZZERIA VIGGOS;2295;BEBIBLES;1641,46;49,99;0,00;49,99;291,60;302,63;-11,03;
19-2026;2866;LORCA;401408073;CAFE LA YUNGA;32291;BEBIBLES;3429,70;82,50;0,00;82,50;378,26;0,00;378,26;
19-2026;2866;LORCA;401385241;PEDRO'S PIZZA;8501;BEBIBLES;1503,75;27,29;0,00;27,29;556,61;0,00;556,61;
19-2026;2866;LORCA;401409424;PASTELERIA LA LORQUINA;5082;BEBIBLES;1060,00;28,93;0,00;28,93;132,63;0,00;132,63;
19-2026;2866;LORCA;401180572;CAFETERIA PUB BAHIA;30152;BEBIBLES;1966,25;66,44;0,00;66,44;221,46;319,09;-97,63;
19-2026;2866;LORCA;401410752;CAFETERIA LA MAR;9579;BEBIBLES;881,14;20,21;0,00;20,21;92,68;0,00;92,68;
19-2026;2866;LORCA;401180551;HELADERIA SCOTIA;30139;FROZEN FOOD;1611,43;26,37;0,00;26,37;476,10;288,40;187,70;
19-2026;2866;LORCA;401180294;KIOSKO DON ANGEL@;31168;FROZEN FOOD;842,34;17,58;0,00;17,58;256,36;257,60;-1,24;
19-2026;2866;LORCA;866016344;RESTAURANTE B2;6344;FROZEN FOOD;1756,70;47,73;0,00;47,73;198,87;460,56;-261,69;
19-2026;2866;LORCA;866010633;PIZZERIA COSTA;633;FROZEN FOOD;582,91;22,62;0,00;22,62;208,39;189,24;19,15;
19-2026;2866;LORCA;401180422;HOTEL PLAYA SOL;30060;FROZEN FOOD;503,83;0,00;0,00;0,00;72,90;0,00;72,90;
19-2026;2866;LORCA;401233444;CHIRINGUITO ESTRELLA MAR;7589;FROZEN FOOD;635,79;0,00;0,00;0,00;635,79;0,00;635,79;
19-2026;2866;LORCA;866015811;CHIRINGUITO CANAL NAUTICO;9636;FROZEN FOOD;1993,13;27,30;0,00;27,30;231,28;0,00;231,28;
19-2026;2866;LORCA;401180875;TABERNA MIS VIEJOS;30311;FROZEN FOOD;465,36;7,27;0,00;7,27;174,73;89,48;85,25;
19-2026;2866;LORCA;401366554;KIOSCO CARLOTA;31169;FROZEN FOOD;622,60;26,37;0,00;26,37;0,00;0,00;0,00;
19-2026;2866;LORCA;401402625;PASTELERIA LA PEQUE¥ICA;7515;FROZEN FOOD;1353,27;70,32;0,00;70,32;657,43;0,00;657,43;
19-2026;2866;LORCA;401180720;HOTEL ARENAS CENTER;50235;FROZEN FOOD;525,41;38,18;0,00;38,18;0,00;0,00;0,00;
19-2026;2866;LORCA;401417252;WOK SUSHI TORO ;10215;FROZEN FOOD;1641,50;15,37;0,00;15,37;213,07;2780,37;-2567,30;
19-2026;2866;LORCA;401180497;LA TAZA EMBRUJADA;32551;FROZEN FOOD;1208,57;26,37;0,00;26,37;256,36;368,00;-111,64;
19-2026;2866;LORCA;401307447;CAFETERIA BOX BANK;9500;FROZEN FOOD;1084,72;8,37;0,00;8,37;459,62;875,60;-415,98;
19-2026;2866;LORCA;401335995;HOTEL LA ENVIA GOLF;31673;FROZEN FOOD;818,07;42,35;0,00;42,35;96,24;0,00;96,24;
19-2026;2866;LORCA;401408489;CAFETERIA EL MOMENTO;32863;FROZEN FOOD;933,33;17,90;0,00;17,90;180,58;147,20;33,38;
19-2026;2866;LORCA;401400403;HELADERIA DOLCE FUSION;9633;FROZEN FOOD;2064,84;50,46;0,00;50,46;1051,68;223,82;827,86;
19-2026;2866;LORCA;401316179;CHIRINGUITO PUERTO;32811;FROZEN FOOD;4632,41;40,88;0,00;40,88;1155,29;1915,76;-760,47;
19-2026;2866;LORCA;401133481;RTE. YAHO ALTA;7488;FROZEN FOOD;1169,37;41,40;0,00;41,40;505,32;545,24;-39,92;
19-2026;2866;LORCA;401293389;MARICASTA¥A AGUADULCE;32117;FROZEN FOOD;2268,09;43,95;0,00;43,95;583,42;625,60;-42,18;
19-2026;2866;LORCA;401324964;CAFETERIA AROMA Y SABOR;40500;FROZEN FOOD;1412,93;59,54;0,00;59,54;571,26;791,68;-220,42;
19-2026;2866;LORCA;401287876;BAR FREIDURIA LA FAROLA;9162;FROZEN FOOD;1205,44;31,08;0,00;31,08;265,28;399,84;-134,56;
19-2026;2866;LORCA;401411940;MAPETAN;10038;FROZEN FOOD;1059,84;14,37;0,00;14,37;195,45;173,25;22,20;
19-2026;2866;LORCA;401171004;CHIRINGUITO EL MARINERO;7781;FROZEN FOOD;2889,40;95,29;0,00;95,29;1033,88;810,60;223,28;
19-2026;2866;LORCA;401180816;RESTAURANTE ALCAZABA;30283;FROZEN FOOD;1137,49;21,93;0,00;21,93;230,97;267,03;-36,06;
19-2026;2866;LORCA;401305746;RINCON DEL PUERTO;6539;FROZEN FOOD;2209,41;41,52;0,00;41,52;552,26;738,36;-186,10;
19-2026;2866;LORCA;401180222;ARCADIO BAR;32755;FROZEN FOOD;890,50;23,26;0,00;23,26;649,65;497,07;152,58;
19-2026;2866;LORCA;401326046;CHIRINGUITO CERVE KORAL;40119;FROZEN FOOD;597,23;24,40;0,00;24,40;74,33;101,92;-27,59;
19-2026;2866;LORCA;401341240;CATERING ALBAHACA;40167;FROZEN FOOD;641,63;44,00;0,00;44,00;0,00;263,20;-263,20;
19-2026;2866;LORCA;401399979;BAR LA OLLA ROTA;32765;FROZEN FOOD;1397,02;82,66;0,00;82,66;942,21;0,00;942,21;
19-2026;2866;LORCA;401404040;FRATELLO'S NEOTABERNA;9671;FROZEN FOOD;1505,13;73,25;0,00;73,25;316,99;294,42;22,57;
19-2026;2866;LORCA;401408655;RESTAURANTE MIRAMAR;9165;FROZEN FOOD;578,20;8,26;0,00;8,26;114,52;0,00;114,52;
19-2026;2866;LORCA;401378408;SALON JUEGOS ORENES EJIDO;30097;FROZEN FOOD;1028,89;52,91;0,00;52,91;477,70;329,76;147,94;
19-2026;2866;LORCA;401037812;BAR CAFETERIA PASO DOBLE;4525;FROZEN FOOD;435,29;21,91;0,00;21,91;109,81;0,00;109,81;
19-2026;2866;LORCA;401313354;CHIRINGUITO EL CHUMBO;9596;FROZEN FOOD;2512,94;21,45;0,00;21,45;406,60;310,32;96,28;
19-2026;2866;LORCA;400840747;CAFETERIA LUIS MIGUEL;296;FROZEN FOOD;1294,85;26,09;0,00;26,09;543,52;550,90;-7,38;
19-2026;2866;LORCA;401383699;TIJUANA BURGUER S.L.;8450;FROZEN FOOD;3728,96;77,68;0,00;77,68;629,92;0,00;629,92;
19-2026;2866;LORCA;401331765;KIOSCOS AREA CAMPER;8912;FROZEN FOOD;3044,55;32,49;0,00;32,49;2064,80;271,68;1793,12;
19-2026;2866;LORCA;401384595;TETERIA SABINAL;32734;FROZEN FOOD;549,35;52,74;0,00;52,74;0,00;294,40;-294,40;
19-2026;2866;LORCA;401417443;RESTAURANTE LA CAVERNA;10219;FROZEN FOOD;741,13;6,23;0,00;6,23;86,36;1056,52;-970,16;
19-2026;2866;LORCA;401324479;CHIRINGUITO EL HOYO 10;40729;FROZEN FOOD;420,19;5,75;0,00;5,75;289,96;0,00;289,96;
19-2026;2866;LORCA;401405279;LA TIENDA DE CAMPER;32845;FROZEN FOOD;830,23;61,73;0,00;61,73;168,80;196,94;-28,14;
19-2026;2866;LORCA;401180518;PIZZERIA SINGAPUR I;30977;FROZEN FOOD;5027,02;86,18;0,00;86,18;1627,80;1959,36;-331,56;
19-2026;2866;LORCA;401374369;BAR EL PUERTO;31919;FROZEN FOOD;668,71;22,78;0,00;22,78;232,02;116,76;115,26;
19-2026;2866;LORCA;401180748;MOJITO PLAYA;31875;FROZEN FOOD;769,09;26,37;0,00;26,37;219,74;110,40;109,34;
19-2026;2866;LORCA;401345052;BAR MAKOKI;7886;FROZEN FOOD;1335,26;22,03;0,00;22,03;91,78;1230,08;-1138,30;
19-2026;2866;LORCA;401413477;ANTOJITOS VALLUNO;10013;FROZEN FOOD;4707,74;55,00;0,00;55,00;762,33;207,78;554,55;
19-2026;2866;LORCA;401345367;AURINKO COFFEE RESTO BAR;8581;FROZEN FOOD;2415,10;70,32;0,00;70,32;510,68;331,20;179,48;
19-2026;2866;LORCA;401374284;CHIRINGUITO PESETA BAHIA ;32286;FROZEN FOOD;555,59;12,62;0,00;12,62;58,00;0,00;58,00;
19-2026;2866;LORCA;401180423;HOTEL PLAYA ZIMBALI;70061;FROZEN FOOD;9048,49;212,43;0,00;212,43;0,00;0,00;0,00;
19-2026;2866;LORCA;401401193;JISMA BURGER MAZARRON;9641;FROZEN FOOD;979,32;12,14;0,00;12,14;225,73;52,56;173,17;
19-2026;2866;LORCA;401378410;SALON JUEGO ORENES TORREL;35012;FROZEN FOOD;1910,80;35,28;0,00;35,28;918,65;622,88;295,77;
19-2026;2866;LORCA;401280204;RESTAURANTE MEDITERRANEO;32336;FROZEN FOOD;2582,36;39,70;0,00;39,70;454,85;103,95;350,90;
19-2026;2866;LORCA;401410820;SALON DE JUEGOS ORENES;32876;FROZEN FOOD;555,11;3,07;0,00;3,07;211,62;0,00;211,62;
19-2026;2866;LORCA;401180252;REST. LOS ARCOS;32458;FROZEN FOOD;430,89;11,49;0,00;11,49;95,75;168,00;-72,25;
19-2026;2866;LORCA;401362739;CHURRERIA RINCON DE MARIA;8399;FROZEN FOOD;1051,97;26,37;0,00;26,37;292,99;330,20;-37,21;
19-2026;2866;LORCA;401411723;BARISTA 38;32880;FROZEN FOOD;1093,94;20,78;0,00;20,78;186,93;0,00;186,93;
19-2026;2866;LORCA;401353999;KIOSCO LA CA¥A;9119;FROZEN FOOD;587,94;52,91;0,00;52,91;0,00;0,00;0,00;
19-2026;2866;LORCA;401341055;KIOSCO PUERTO ROQUETAS;32468;FROZEN FOOD;1316,40;61,53;0,00;61,53;290,94;0,00;290,94;
19-2026;2866;LORCA;401414013;ARREA;10138;FROZEN FOOD;1990,52;22,73;0,00;22,73;315,04;125,62;189,42;
19-2026;2866;LORCA;401285807;RESTAURANTE NEW PONGO;9402;FROZEN FOOD;442,86;16,35;0,00;16,35;68,13;173,25;-105,12;
19-2026;2866;LORCA;401181220;DULCE Y SALADO Y MAS;32636;FROZEN FOOD;472,30;23,94;0,00;23,94;0,00;0,00;0,00;
19-2026;2866;LORCA;401386714;COMO DICE EL DICHO;8458;FROZEN FOOD;402,24;8,79;0,00;8,79;365,62;0,00;365,62;
19-2026;2866;LORCA;401324411;CAFETERIA STUDIO 54;8298;FROZEN FOOD;1348,38;139,69;0,00;139,69;466,73;0,00;466,73;
19-2026;2866;LORCA;401417147;HELADERIA ALEXIS;32656;FROZEN FOOD;702,51;7,32;0,00;7,32;101,47;47,78;53,69;
19-2026;2866;LORCA;401378577;RTE.RINCON DEL ZAHON;8575;FROZEN FOOD;2559,81;111,48;0,00;111,48;816,54;0,00;816,54;
19-2026;2866;LORCA;401180815;RTE.BAR ALKANZIYA;31778;FROZEN FOOD;962,44;19,80;0,00;19,80;384,98;169,20;215,78;
19-2026;2866;LORCA;401393110;CASA CLUB CAMPOSOL GOLD;5702;FROZEN FOOD;941,51;43,95;0,00;43,95;149,42;0,00;149,42;
19-2026;2866;LORCA;401180218;CAFET. LOS DELFINES;30572;FROZEN FOOD;613,80;0,00;0,00;0,00;613,80;0,00;613,80;
19-2026;2866;LORCA;401399253;BARRA 6;7282;FROZEN FOOD;2013,14;50,25;0,00;50,25;817,50;449,68;367,82;
19-2026;2866;LORCA;401413822;LA VILLA;32132;FROZEN FOOD;549,75;10,13;0,00;10,13;122,00;0,00;122,00;
19-2026;2866;LORCA;401374376;TABERNA EL BOLICHE;8978;FROZEN FOOD;835,75;25,31;0,00;25,31;240,36;0,00;240,36;
19-2026;2866;LORCA;401351257;CAFETERIA EL PUA;9622;FROZEN FOOD;430,44;28,12;0,00;28,12;0,00;0,00;0,00;
19-2026;2866;LORCA;401356722;CAFETERIA BONILLO;8877;FROZEN FOOD;579,12;57,23;0,00;57,23;0,00;346,50;-346,50;
19-2026;2866;LORCA;401335439;LA FAVORITA;31120;FROZEN FOOD;988,83;17,58;0,00;17,58;256,36;147,20;109,16;
19-2026;2866;LORCA;401180354;RESTAURANTE EL PIRATA;30014;FROZEN FOOD;1025,46;35,16;0,00;35,16;183,12;143,16;39,96;
19-2026;2866;LORCA;401332867;BAR EL PALILLON;6612;FROZEN FOOD;1107,95;26,26;0,00;26,26;779,69;0,00;779,69;
19-2026;2866;LORCA;401328341;HELADERIA VERA PLAYA;7824;FROZEN FOOD;3190,76;50,52;0,00;50,52;949,59;486,49;463,10;
19-2026;2866;LORCA;401349648;PIZZERIA MEMOLI;8218;FROZEN FOOD;550,82;14,41;0,00;14,41;160,08;389,96;-229,88;
19-2026;2866;LORCA;401408494;CORA CAFE;10020;FROZEN FOOD;452,69;9,35;0,00;9,35;84,12;170,64;-86,52;
19-2026;2866;LORCA;401410571;DULCE SUE¥OS;9375;FROZEN FOOD;3387,21;61,89;0,00;61,89;585,32;0,00;585,32;
19-2026;2866;LORCA;866016304;BAR 4 VIENTOS;6304;FROZEN FOOD;1485,38;24,12;0,00;24,12;569,03;365,48;203,55;
19-2026;2866;LORCA;401291056;E.S.BAYO LIROLA 33089 REP;31944;FROZEN FOOD;808,42;26,46;0,00;26,46;367,46;219,84;147,62;
19-2026;2866;LORCA;401283891;30 GRADOS MEDITERRANEO CA;35054;FROZEN FOOD;556,84;12,73;0,00;12,73;212,13;430,64;-218,51;
19-2026;2866;LORCA;401360818;CAFE HELADERIA VALDANI;9148;FROZEN FOOD;1251,93;59,94;0,00;59,94;340,47;117,04;223,43;
19-2026;2866;LORCA;401363359;CAFETERIA EL TORO;9093;FROZEN FOOD;1060,03;35,16;0,00;35,16;327,56;36,80;290,76;
19-2026;2866;LORCA;401236320;HOTEL MOJACAR PLAYA ACUAP;30993;FROZEN FOOD;735,84;10,75;0,00;10,75;0,00;0,00;0,00;
19-2026;2866;LORCA;401324821;KOKOS;9686;FROZEN FOOD;1972,44;83,03;0,00;83,03;1626,50;0,00;1626,50;
19-2026;2866;LORCA;401401136;HOTEL JULIAN***;9102;FROZEN FOOD;866,31;33,76;0,00;33,76;463,47;242,64;220,83;
19-2026;2866;LORCA;401415371;CAFETERIA LEROY MERLIN C.;31116;FROZEN FOOD;1054,32;11,54;0,00;11,54;159,67;567,00;-407,33;
